ISO-10303-21;
HEADER;
/* Generated by software containing ST-Developer
 * from STEP Tools, Inc. (www.steptools.com) 
 */

FILE_DESCRIPTION(
/* description */ ('STEP AP242'),
/* implementation_level */ '2;1');

FILE_NAME(
/* name */ 'madmax_tube_jig.step',
/* time_stamp */ '2026-04-20T23:28:08+02:00',
/* author */ (''),
/* organization */ (''),
/* preprocessor_version */ 'ST-DEVELOPER v20.1',
/* originating_system */ 'Autodesk Translation Framework v15.8.0.0',
/* authorisation */ '');

FILE_SCHEMA (('AUTOMOTIVE_DESIGN { 1 0 10303 214 3 1 1 }'));
ENDSEC;

DATA;
#10=MECHANICAL_DESIGN_GEOMETRIC_PRESENTATION_REPRESENTATION('',(#13),#2324);
#11=SHAPE_REPRESENTATION_RELATIONSHIP('SRR','None',#2331,#12);
#12=ADVANCED_BREP_SHAPE_REPRESENTATION('',(#14),#2323);
#13=STYLED_ITEM('',(#2341),#14);
#14=MANIFOLD_SOLID_BREP('K\X\F6rper1',#1259);
#15=CONICAL_SURFACE('',#1417,3.6,0.785398163397457);
#16=CONICAL_SURFACE('',#1418,3.6,0.785398163397455);
#17=CONICAL_SURFACE('',#1421,3.6,0.785398163397459);
#18=CONICAL_SURFACE('',#1422,3.6,0.785398163397453);
#19=SPHERICAL_SURFACE('',#1377,4.);
#20=SPHERICAL_SURFACE('',#1386,4.);
#21=SPHERICAL_SURFACE('',#1390,4.);
#22=SPHERICAL_SURFACE('',#1394,4.);
#23=SPHERICAL_SURFACE('',#1406,1.);
#24=SPHERICAL_SURFACE('',#1413,1.);
#25=B_SPLINE_CURVE_WITH_KNOTS('',3,(#2083,#2084,#2085,#2086,#2087,#2088,
#2089,#2090,#2091,#2092,#2093,#2094,#2095,#2096,#2097,#2098,#2099,#2100,
#2101,#2102,#2103,#2104,#2105,#2106,#2107,#2108,#2109,#2110,#2111,#2112),
 .UNSPECIFIED.,.F.,.F.,(4,2,2,2,2,2,2,2,2,2,2,2,2,2,4),(-1.0027356364484,
-0.976314885798583,-0.915329483663826,-0.854344081529069,-0.799315308981744,
-0.744286536434419,-0.691186425314125,-0.638086314193831,-0.584986203073536,
-0.531886091953242,-0.476857319405917,-0.421828546858592,-0.360843144723835,
-0.299857742589078,-0.273436991939259),.UNSPECIFIED.);
#26=B_SPLINE_CURVE_WITH_KNOTS('',3,(#2251,#2252,#2253,#2254,#2255,#2256),
 .UNSPECIFIED.,.F.,.F.,(4,2,4),(0.650782125708617,0.800420764154729,0.950059402600841),
 .UNSPECIFIED.);
#27=B_SPLINE_CURVE_WITH_KNOTS('',3,(#2266,#2267,#2268,#2269,#2270,#2271),
 .UNSPECIFIED.,.F.,.F.,(4,2,4),(-0.291319261775509,-0.159787359154823,0.),
 .UNSPECIFIED.);
#28=FACE_BOUND('',#392,.T.);
#29=FACE_BOUND('',#418,.T.);
#30=PLANE('',#1301);
#31=PLANE('',#1302);
#32=PLANE('',#1303);
#33=PLANE('',#1317);
#34=PLANE('',#1319);
#35=PLANE('',#1322);
#36=PLANE('',#1325);
#37=PLANE('',#1326);
#38=PLANE('',#1330);
#39=PLANE('',#1339);
#40=PLANE('',#1344);
#41=PLANE('',#1351);
#42=PLANE('',#1353);
#43=PLANE('',#1356);
#44=PLANE('',#1358);
#45=PLANE('',#1359);
#46=PLANE('',#1360);
#47=PLANE('',#1361);
#48=PLANE('',#1362);
#49=PLANE('',#1363);
#50=PLANE('',#1364);
#51=PLANE('',#1365);
#52=PLANE('',#1366);
#53=PLANE('',#1369);
#54=PLANE('',#1416);
#55=PLANE('',#1419);
#56=PLANE('',#1420);
#57=PLANE('',#1423);
#58=TOROIDAL_SURFACE('',#1290,4.1,2.);
#59=TOROIDAL_SURFACE('',#1400,3.,1.);
#60=TOROIDAL_SURFACE('',#1409,3.,1.);
#61=(
BOUNDED_SURFACE()
B_SPLINE_SURFACE(2,2,((#1873,#1874,#1875),(#1876,#1877,#1878),(#1879,#1880,
#1881)),.UNSPECIFIED.,.F.,.F.,.F.)
B_SPLINE_SURFACE_WITH_KNOTS((3,3),(3,3),(0.,1.5707963267949),(-1.5707963267949,
0.),.UNSPECIFIED.)
GEOMETRIC_REPRESENTATION_ITEM()
RATIONAL_B_SPLINE_SURFACE(((1.,0.707106781186546,1.),(0.707106781186546,
0.499999999999998,0.707106781186546),(1.,0.707106781186546,1.)))
REPRESENTATION_ITEM('')
SURFACE()
);
#62=(
BOUNDED_SURFACE()
B_SPLINE_SURFACE(2,2,((#1949,#1950,#1951),(#1952,#1953,#1954),(#1955,#1956,
#1957)),.UNSPECIFIED.,.F.,.F.,.F.)
B_SPLINE_SURFACE_WITH_KNOTS((3,3),(3,3),(0.,1.5707963267949),(0.,1.5707963267949),
 .UNSPECIFIED.)
GEOMETRIC_REPRESENTATION_ITEM()
RATIONAL_B_SPLINE_SURFACE(((1.,0.707106781186548,1.),(0.707106781186546,
0.499999999999999,0.707106781186546),(1.,0.707106781186548,1.)))
REPRESENTATION_ITEM('')
SURFACE()
);
#63=(
BOUNDED_SURFACE()
B_SPLINE_SURFACE(2,2,((#1997,#1998,#1999),(#2000,#2001,#2002),(#2003,#2004,
#2005)),.UNSPECIFIED.,.F.,.F.,.F.)
B_SPLINE_SURFACE_WITH_KNOTS((3,3),(3,3),(-1.5707963267949,0.),(-1.5707963267949,
0.),.UNSPECIFIED.)
GEOMETRIC_REPRESENTATION_ITEM()
RATIONAL_B_SPLINE_SURFACE(((1.,0.707106781186547,1.),(0.707106781186547,
0.499999999999999,0.707106781186547),(1.,0.707106781186547,1.)))
REPRESENTATION_ITEM('')
SURFACE()
);
#64=(
BOUNDED_SURFACE()
B_SPLINE_SURFACE(2,2,((#2017,#2018,#2019),(#2020,#2021,#2022),(#2023,#2024,
#2025)),.UNSPECIFIED.,.F.,.F.,.F.)
B_SPLINE_SURFACE_WITH_KNOTS((3,3),(3,3),(-1.5707963267949,0.),(0.,1.5707963267949),
 .UNSPECIFIED.)
GEOMETRIC_REPRESENTATION_ITEM()
RATIONAL_B_SPLINE_SURFACE(((1.,0.707106781186548,1.),(0.707106781186547,
0.5,0.707106781186547),(1.,0.707106781186548,1.)))
REPRESENTATION_ITEM('')
SURFACE()
);
#65=LINE('',#1869,#164);
#66=LINE('',#1872,#165);
#67=LINE('',#1888,#166);
#68=LINE('',#1889,#167);
#69=LINE('',#1928,#168);
#70=LINE('',#1931,#169);
#71=LINE('',#1934,#170);
#72=LINE('',#1937,#171);
#73=LINE('',#1945,#172);
#74=LINE('',#1948,#173);
#75=LINE('',#1967,#174);
#76=LINE('',#1968,#175);
#77=LINE('',#1971,#176);
#78=LINE('',#1973,#177);
#79=LINE('',#1975,#178);
#80=LINE('',#1977,#179);
#81=LINE('',#1979,#180);
#82=LINE('',#1981,#181);
#83=LINE('',#1983,#182);
#84=LINE('',#1985,#183);
#85=LINE('',#1986,#184);
#86=LINE('',#1988,#185);
#87=LINE('',#1990,#186);
#88=LINE('',#1996,#187);
#89=LINE('',#2015,#188);
#90=LINE('',#2016,#189);
#91=LINE('',#2035,#190);
#92=LINE('',#2036,#191);
#93=LINE('',#2038,#192);
#94=LINE('',#2042,#193);
#95=LINE('',#2045,#194);
#96=LINE('',#2049,#195);
#97=LINE('',#2050,#196);
#98=LINE('',#2053,#197);
#99=LINE('',#2057,#198);
#100=LINE('',#2059,#199);
#101=LINE('',#2061,#200);
#102=LINE('',#2063,#201);
#103=LINE('',#2065,#202);
#104=LINE('',#2066,#203);
#105=LINE('',#2069,#204);
#106=LINE('',#2071,#205);
#107=LINE('',#2073,#206);
#108=LINE('',#2075,#207);
#109=LINE('',#2076,#208);
#110=LINE('',#2081,#209);
#111=LINE('',#2114,#210);
#112=LINE('',#2117,#211);
#113=LINE('',#2120,#212);
#114=LINE('',#2122,#213);
#115=LINE('',#2124,#214);
#116=LINE('',#2125,#215);
#117=LINE('',#2129,#216);
#118=LINE('',#2132,#217);
#119=LINE('',#2137,#218);
#120=LINE('',#2140,#219);
#121=LINE('',#2147,#220);
#122=LINE('',#2151,#221);
#123=LINE('',#2155,#222);
#124=LINE('',#2158,#223);
#125=LINE('',#2162,#224);
#126=LINE('',#2164,#225);
#127=LINE('',#2166,#226);
#128=LINE('',#2170,#227);
#129=LINE('',#2174,#228);
#130=LINE('',#2178,#229);
#131=LINE('',#2182,#230);
#132=LINE('',#2187,#231);
#133=LINE('',#2189,#232);
#134=LINE('',#2190,#233);
#135=LINE('',#2195,#234);
#136=LINE('',#2197,#235);
#137=LINE('',#2199,#236);
#138=LINE('',#2203,#237);
#139=LINE('',#2207,#238);
#140=LINE('',#2209,#239);
#141=LINE('',#2211,#240);
#142=LINE('',#2214,#241);
#143=LINE('',#2216,#242);
#144=LINE('',#2218,#243);
#145=LINE('',#2220,#244);
#146=LINE('',#2222,#245);
#147=LINE('',#2224,#246);
#148=LINE('',#2228,#247);
#149=LINE('',#2230,#248);
#150=LINE('',#2232,#249);
#151=LINE('',#2233,#250);
#152=LINE('',#2237,#251);
#153=LINE('',#2239,#252);
#154=LINE('',#2241,#253);
#155=LINE('',#2242,#254);
#156=LINE('',#2306,#255);
#157=LINE('',#2307,#256);
#158=LINE('',#2309,#257);
#159=LINE('',#2311,#258);
#160=LINE('',#2313,#259);
#161=LINE('',#2315,#260);
#162=LINE('',#2317,#261);
#163=LINE('',#2319,#262);
#164=VECTOR('',#1436,10.);
#165=VECTOR('',#1439,10.);
#166=VECTOR('',#1448,10.);
#167=VECTOR('',#1449,10.);
#168=VECTOR('',#1458,10.);
#169=VECTOR('',#1461,10.);
#170=VECTOR('',#1464,10.);
#171=VECTOR('',#1467,10.);
#172=VECTOR('',#1478,10.);
#173=VECTOR('',#1481,10.);
#174=VECTOR('',#1492,10.);
#175=VECTOR('',#1493,10.);
#176=VECTOR('',#1496,10.);
#177=VECTOR('',#1497,10.);
#178=VECTOR('',#1498,1000.);
#179=VECTOR('',#1499,1000.);
#180=VECTOR('',#1500,1000.);
#181=VECTOR('',#1501,1000.);
#182=VECTOR('',#1502,1000.);
#183=VECTOR('',#1503,1000.);
#184=VECTOR('',#1504,1000.);
#185=VECTOR('',#1507,10.);
#186=VECTOR('',#1510,10.);
#187=VECTOR('',#1517,10.);
#188=VECTOR('',#1528,10.);
#189=VECTOR('',#1529,10.);
#190=VECTOR('',#1540,10.);
#191=VECTOR('',#1541,10.);
#192=VECTOR('',#1544,1000.);
#193=VECTOR('',#1549,1000.);
#194=VECTOR('',#1552,1000.);
#195=VECTOR('',#1557,1000.);
#196=VECTOR('',#1558,1000.);
#197=VECTOR('',#1561,1000.);
#198=VECTOR('',#1566,10.);
#199=VECTOR('',#1567,1000.);
#200=VECTOR('',#1568,1000.);
#201=VECTOR('',#1569,1000.);
#202=VECTOR('',#1570,1000.);
#203=VECTOR('',#1571,1000.);
#204=VECTOR('',#1574,10.);
#205=VECTOR('',#1575,1000.);
#206=VECTOR('',#1576,1000.);
#207=VECTOR('',#1577,1000.);
#208=VECTOR('',#1578,10.);
#209=VECTOR('',#1583,1000.);
#210=VECTOR('',#1584,1000.);
#211=VECTOR('',#1587,1000.);
#212=VECTOR('',#1590,1000.);
#213=VECTOR('',#1591,1000.);
#214=VECTOR('',#1592,1000.);
#215=VECTOR('',#1593,1000.);
#216=VECTOR('',#1598,10.);
#217=VECTOR('',#1601,1000.);
#218=VECTOR('',#1608,1000.);
#219=VECTOR('',#1611,1000.);
#220=VECTOR('',#1618,1000.);
#221=VECTOR('',#1621,1000.);
#222=VECTOR('',#1624,1000.);
#223=VECTOR('',#1627,1000.);
#224=VECTOR('',#1630,1000.);
#225=VECTOR('',#1631,1000.);
#226=VECTOR('',#1632,1000.);
#227=VECTOR('',#1635,1000.);
#228=VECTOR('',#1640,2.1);
#229=VECTOR('',#1643,1000.);
#230=VECTOR('',#1646,1000.);
#231=VECTOR('',#1651,1000.);
#232=VECTOR('',#1652,1000.);
#233=VECTOR('',#1653,1000.);
#234=VECTOR('',#1658,1000.);
#235=VECTOR('',#1659,1000.);
#236=VECTOR('',#1660,1000.);
#237=VECTOR('',#1663,1000.);
#238=VECTOR('',#1668,1000.);
#239=VECTOR('',#1669,1000.);
#240=VECTOR('',#1670,1000.);
#241=VECTOR('',#1675,1000.);
#242=VECTOR('',#1678,1000.);
#243=VECTOR('',#1681,1000.);
#244=VECTOR('',#1684,1000.);
#245=VECTOR('',#1687,1000.);
#246=VECTOR('',#1690,1000.);
#247=VECTOR('',#1693,1000.);
#248=VECTOR('',#1694,1000.);
#249=VECTOR('',#1695,1000.);
#250=VECTOR('',#1696,1000.);
#251=VECTOR('',#1699,1000.);
#252=VECTOR('',#1700,1000.);
#253=VECTOR('',#1701,1000.);
#254=VECTOR('',#1702,1000.);
#255=VECTOR('',#1805,1000.);
#256=VECTOR('',#1806,1000.);
#257=VECTOR('',#1809,1000.);
#258=VECTOR('',#1812,1000.);
#259=VECTOR('',#1815,1000.);
#260=VECTOR('',#1818,1000.);
#261=VECTOR('',#1821,1000.);
#262=VECTOR('',#1824,1000.);
#263=CYLINDRICAL_SURFACE('',#1276,2.);
#264=CYLINDRICAL_SURFACE('',#1282,2.);
#265=CYLINDRICAL_SURFACE('',#1286,2.);
#266=CYLINDRICAL_SURFACE('',#1288,2.);
#267=CYLINDRICAL_SURFACE('',#1294,2.);
#268=CYLINDRICAL_SURFACE('',#1299,2.);
#269=CYLINDRICAL_SURFACE('',#1304,2.);
#270=CYLINDRICAL_SURFACE('',#1310,2.);
#271=CYLINDRICAL_SURFACE('',#1315,2.);
#272=CYLINDRICAL_SURFACE('',#1320,4.);
#273=CYLINDRICAL_SURFACE('',#1323,4.);
#274=CYLINDRICAL_SURFACE('',#1327,2.1);
#275=CYLINDRICAL_SURFACE('',#1331,4.);
#276=CYLINDRICAL_SURFACE('',#1333,1.);
#277=CYLINDRICAL_SURFACE('',#1335,1.);
#278=CYLINDRICAL_SURFACE('',#1337,4.);
#279=CYLINDRICAL_SURFACE('',#1347,2.1);
#280=CYLINDRICAL_SURFACE('',#1372,4.);
#281=CYLINDRICAL_SURFACE('',#1374,4.);
#282=CYLINDRICAL_SURFACE('',#1379,4.);
#283=CYLINDRICAL_SURFACE('',#1382,4.);
#284=CYLINDRICAL_SURFACE('',#1384,4.);
#285=CYLINDRICAL_SURFACE('',#1387,4.);
#286=CYLINDRICAL_SURFACE('',#1392,4.);
#287=CYLINDRICAL_SURFACE('',#1396,4.);
#288=CYLINDRICAL_SURFACE('',#1398,1.);
#289=CYLINDRICAL_SURFACE('',#1402,1.);
#290=CYLINDRICAL_SURFACE('',#1404,1.);
#291=CYLINDRICAL_SURFACE('',#1407,1.);
#292=CYLINDRICAL_SURFACE('',#1411,1.);
#293=CYLINDRICAL_SURFACE('',#1415,1.);
#294=FACE_OUTER_BOUND('',#372,.T.);
#295=FACE_OUTER_BOUND('',#373,.T.);
#296=FACE_OUTER_BOUND('',#374,.T.);
#297=FACE_OUTER_BOUND('',#375,.T.);
#298=FACE_OUTER_BOUND('',#376,.T.);
#299=FACE_OUTER_BOUND('',#377,.T.);
#300=FACE_OUTER_BOUND('',#378,.T.);
#301=FACE_OUTER_BOUND('',#379,.T.);
#302=FACE_OUTER_BOUND('',#380,.T.);
#303=FACE_OUTER_BOUND('',#381,.T.);
#304=FACE_OUTER_BOUND('',#382,.T.);
#305=FACE_OUTER_BOUND('',#383,.T.);
#306=FACE_OUTER_BOUND('',#384,.T.);
#307=FACE_OUTER_BOUND('',#385,.T.);
#308=FACE_OUTER_BOUND('',#386,.T.);
#309=FACE_OUTER_BOUND('',#387,.T.);
#310=FACE_OUTER_BOUND('',#388,.T.);
#311=FACE_OUTER_BOUND('',#389,.T.);
#312=FACE_OUTER_BOUND('',#390,.T.);
#313=FACE_OUTER_BOUND('',#391,.T.);
#314=FACE_OUTER_BOUND('',#393,.T.);
#315=FACE_OUTER_BOUND('',#394,.T.);
#316=FACE_OUTER_BOUND('',#395,.T.);
#317=FACE_OUTER_BOUND('',#396,.T.);
#318=FACE_OUTER_BOUND('',#397,.T.);
#319=FACE_OUTER_BOUND('',#398,.T.);
#320=FACE_OUTER_BOUND('',#399,.T.);
#321=FACE_OUTER_BOUND('',#400,.T.);
#322=FACE_OUTER_BOUND('',#401,.T.);
#323=FACE_OUTER_BOUND('',#402,.T.);
#324=FACE_OUTER_BOUND('',#403,.T.);
#325=FACE_OUTER_BOUND('',#404,.T.);
#326=FACE_OUTER_BOUND('',#405,.T.);
#327=FACE_OUTER_BOUND('',#406,.T.);
#328=FACE_OUTER_BOUND('',#407,.T.);
#329=FACE_OUTER_BOUND('',#408,.T.);
#330=FACE_OUTER_BOUND('',#409,.T.);
#331=FACE_OUTER_BOUND('',#410,.T.);
#332=FACE_OUTER_BOUND('',#411,.T.);
#333=FACE_OUTER_BOUND('',#412,.T.);
#334=FACE_OUTER_BOUND('',#413,.T.);
#335=FACE_OUTER_BOUND('',#414,.T.);
#336=FACE_OUTER_BOUND('',#415,.T.);
#337=FACE_OUTER_BOUND('',#416,.T.);
#338=FACE_OUTER_BOUND('',#417,.T.);
#339=FACE_OUTER_BOUND('',#419,.T.);
#340=FACE_OUTER_BOUND('',#420,.T.);
#341=FACE_OUTER_BOUND('',#421,.T.);
#342=FACE_OUTER_BOUND('',#422,.T.);
#343=FACE_OUTER_BOUND('',#423,.T.);
#344=FACE_OUTER_BOUND('',#424,.T.);
#345=FACE_OUTER_BOUND('',#425,.T.);
#346=FACE_OUTER_BOUND('',#426,.T.);
#347=FACE_OUTER_BOUND('',#427,.T.);
#348=FACE_OUTER_BOUND('',#428,.T.);
#349=FACE_OUTER_BOUND('',#429,.T.);
#350=FACE_OUTER_BOUND('',#430,.T.);
#351=FACE_OUTER_BOUND('',#431,.T.);
#352=FACE_OUTER_BOUND('',#432,.T.);
#353=FACE_OUTER_BOUND('',#433,.T.);
#354=FACE_OUTER_BOUND('',#434,.T.);
#355=FACE_OUTER_BOUND('',#435,.T.);
#356=FACE_OUTER_BOUND('',#436,.T.);
#357=FACE_OUTER_BOUND('',#437,.T.);
#358=FACE_OUTER_BOUND('',#438,.T.);
#359=FACE_OUTER_BOUND('',#439,.T.);
#360=FACE_OUTER_BOUND('',#440,.T.);
#361=FACE_OUTER_BOUND('',#441,.T.);
#362=FACE_OUTER_BOUND('',#442,.T.);
#363=FACE_OUTER_BOUND('',#443,.T.);
#364=FACE_OUTER_BOUND('',#444,.T.);
#365=FACE_OUTER_BOUND('',#445,.T.);
#366=FACE_OUTER_BOUND('',#446,.T.);
#367=FACE_OUTER_BOUND('',#447,.T.);
#368=FACE_OUTER_BOUND('',#448,.T.);
#369=FACE_OUTER_BOUND('',#449,.T.);
#370=FACE_OUTER_BOUND('',#450,.T.);
#371=FACE_OUTER_BOUND('',#451,.T.);
#372=EDGE_LOOP('',(#817,#818,#819));
#373=EDGE_LOOP('',(#820,#821,#822,#823));
#374=EDGE_LOOP('',(#824,#825,#826,#827));
#375=EDGE_LOOP('',(#828,#829,#830,#831));
#376=EDGE_LOOP('',(#832,#833,#834));
#377=EDGE_LOOP('',(#835,#836,#837,#838));
#378=EDGE_LOOP('',(#839,#840,#841,#842));
#379=EDGE_LOOP('',(#843,#844,#845,#846,#847));
#380=EDGE_LOOP('',(#848,#849,#850,#851));
#381=EDGE_LOOP('',(#852,#853,#854,#855));
#382=EDGE_LOOP('',(#856,#857,#858,#859));
#383=EDGE_LOOP('',(#860,#861,#862,#863,#864,#865,#866,#867,#868,#869));
#384=EDGE_LOOP('',(#870,#871,#872,#873,#874,#875));
#385=EDGE_LOOP('',(#876,#877,#878,#879,#880,#881));
#386=EDGE_LOOP('',(#882,#883,#884,#885));
#387=EDGE_LOOP('',(#886,#887,#888,#889));
#388=EDGE_LOOP('',(#890,#891,#892,#893));
#389=EDGE_LOOP('',(#894,#895,#896,#897));
#390=EDGE_LOOP('',(#898,#899,#900,#901));
#391=EDGE_LOOP('',(#902,#903,#904,#905,#906,#907));
#392=EDGE_LOOP('',(#908));
#393=EDGE_LOOP('',(#909,#910,#911,#912,#913,#914,#915,#916,#917));
#394=EDGE_LOOP('',(#918,#919,#920,#921));
#395=EDGE_LOOP('',(#922,#923,#924,#925));
#396=EDGE_LOOP('',(#926,#927,#928,#929));
#397=EDGE_LOOP('',(#930,#931,#932,#933,#934,#935,#936,#937,#938,#939));
#398=EDGE_LOOP('',(#940,#941,#942,#943,#944,#945));
#399=EDGE_LOOP('',(#946,#947,#948,#949,#950,#951,#952,#953));
#400=EDGE_LOOP('',(#954,#955,#956,#957,#958,#959));
#401=EDGE_LOOP('',(#960,#961,#962,#963));
#402=EDGE_LOOP('',(#964,#965,#966,#967));
#403=EDGE_LOOP('',(#968,#969,#970,#971));
#404=EDGE_LOOP('',(#972,#973,#974,#975));
#405=EDGE_LOOP('',(#976,#977,#978,#979,#980,#981,#982,#983));
#406=EDGE_LOOP('',(#984,#985,#986,#987,#988,#989));
#407=EDGE_LOOP('',(#990,#991,#992,#993,#994,#995,#996,#997));
#408=EDGE_LOOP('',(#998,#999,#1000,#1001,#1002));
#409=EDGE_LOOP('',(#1003,#1004,#1005,#1006,#1007,#1008));
#410=EDGE_LOOP('',(#1009,#1010,#1011,#1012,#1013));
#411=EDGE_LOOP('',(#1014,#1015,#1016,#1017));
#412=EDGE_LOOP('',(#1018,#1019,#1020,#1021));
#413=EDGE_LOOP('',(#1022,#1023,#1024));
#414=EDGE_LOOP('',(#1025,#1026,#1027));
#415=EDGE_LOOP('',(#1028,#1029,#1030));
#416=EDGE_LOOP('',(#1031,#1032,#1033,#1034));
#417=EDGE_LOOP('',(#1035,#1036,#1037,#1038));
#418=EDGE_LOOP('',(#1039,#1040));
#419=EDGE_LOOP('',(#1041,#1042,#1043,#1044));
#420=EDGE_LOOP('',(#1045,#1046,#1047,#1048,#1049,#1050));
#421=EDGE_LOOP('',(#1051,#1052,#1053,#1054,#1055,#1056));
#422=EDGE_LOOP('',(#1057,#1058,#1059,#1060,#1061));
#423=EDGE_LOOP('',(#1062,#1063,#1064,#1065));
#424=EDGE_LOOP('',(#1066,#1067,#1068));
#425=EDGE_LOOP('',(#1069,#1070,#1071,#1072));
#426=EDGE_LOOP('',(#1073,#1074,#1075,#1076,#1077));
#427=EDGE_LOOP('',(#1078,#1079,#1080,#1081,#1082,#1083,#1084,#1085));
#428=EDGE_LOOP('',(#1086,#1087,#1088));
#429=EDGE_LOOP('',(#1089,#1090,#1091,#1092));
#430=EDGE_LOOP('',(#1093,#1094,#1095));
#431=EDGE_LOOP('',(#1096,#1097,#1098,#1099));
#432=EDGE_LOOP('',(#1100,#1101,#1102));
#433=EDGE_LOOP('',(#1103,#1104,#1105,#1106));
#434=EDGE_LOOP('',(#1107,#1108,#1109,#1110));
#435=EDGE_LOOP('',(#1111,#1112,#1113,#1114));
#436=EDGE_LOOP('',(#1115,#1116,#1117,#1118));
#437=EDGE_LOOP('',(#1119,#1120,#1121,#1122,#1123));
#438=EDGE_LOOP('',(#1124,#1125,#1126));
#439=EDGE_LOOP('',(#1127,#1128,#1129,#1130));
#440=EDGE_LOOP('',(#1131,#1132,#1133,#1134));
#441=EDGE_LOOP('',(#1135,#1136,#1137,#1138));
#442=EDGE_LOOP('',(#1139,#1140,#1141));
#443=EDGE_LOOP('',(#1142,#1143,#1144,#1145,#1146));
#444=EDGE_LOOP('',(#1147,#1148,#1149,#1150));
#445=EDGE_LOOP('',(#1151,#1152,#1153,#1154));
#446=EDGE_LOOP('',(#1155,#1156,#1157,#1158));
#447=EDGE_LOOP('',(#1159,#1160,#1161,#1162));
#448=EDGE_LOOP('',(#1163,#1164,#1165,#1166));
#449=EDGE_LOOP('',(#1167,#1168,#1169,#1170));
#450=EDGE_LOOP('',(#1171,#1172,#1173,#1174));
#451=EDGE_LOOP('',(#1175,#1176,#1177,#1178));
#452=CIRCLE('',#1275,1.);
#453=CIRCLE('',#1277,2.);
#454=CIRCLE('',#1278,2.);
#455=CIRCLE('',#1279,2.);
#456=CIRCLE('',#1280,2.);
#457=CIRCLE('',#1281,4.);
#458=CIRCLE('',#1285,1.);
#459=CIRCLE('',#1287,2.);
#460=CIRCLE('',#1289,2.);
#461=CIRCLE('',#1291,4.1);
#462=CIRCLE('',#1292,4.1);
#463=CIRCLE('',#1293,2.1);
#464=CIRCLE('',#1295,2.);
#465=CIRCLE('',#1296,2.);
#466=CIRCLE('',#1297,2.);
#467=CIRCLE('',#1298,4.);
#468=CIRCLE('',#1300,2.);
#469=CIRCLE('',#1305,2.);
#470=CIRCLE('',#1306,2.);
#471=CIRCLE('',#1307,2.);
#472=CIRCLE('',#1308,4.);
#473=CIRCLE('',#1309,2.);
#474=CIRCLE('',#1311,2.);
#475=CIRCLE('',#1312,2.);
#476=CIRCLE('',#1313,4.);
#477=CIRCLE('',#1314,2.);
#478=CIRCLE('',#1316,2.);
#479=CIRCLE('',#1318,2.1);
#480=CIRCLE('',#1321,4.);
#481=CIRCLE('',#1324,4.);
#482=CIRCLE('',#1328,2.1);
#483=CIRCLE('',#1329,2.1);
#484=CIRCLE('',#1332,4.);
#485=CIRCLE('',#1334,1.);
#486=CIRCLE('',#1336,1.);
#487=CIRCLE('',#1338,4.);
#488=CIRCLE('',#1340,3.6);
#489=CIRCLE('',#1341,3.6);
#490=CIRCLE('',#1342,3.6);
#491=CIRCLE('',#1343,3.6);
#492=CIRCLE('',#1345,4.);
#493=CIRCLE('',#1346,3.);
#494=CIRCLE('',#1348,2.1);
#495=CIRCLE('',#1349,2.1);
#496=CIRCLE('',#1350,2.1);
#497=CIRCLE('',#1352,1.);
#498=CIRCLE('',#1354,3.);
#499=CIRCLE('',#1355,4.);
#500=CIRCLE('',#1357,1.);
#501=CIRCLE('',#1373,4.);
#502=CIRCLE('',#1375,4.);
#503=CIRCLE('',#1376,4.);
#504=CIRCLE('',#1378,4.);
#505=CIRCLE('',#1380,4.);
#506=CIRCLE('',#1381,4.);
#507=CIRCLE('',#1383,4.);
#508=CIRCLE('',#1385,4.);
#509=CIRCLE('',#1388,4.);
#510=CIRCLE('',#1389,4.);
#511=CIRCLE('',#1391,4.);
#512=CIRCLE('',#1393,4.);
#513=CIRCLE('',#1395,4.);
#514=CIRCLE('',#1397,4.);
#515=CIRCLE('',#1399,1.);
#516=CIRCLE('',#1401,1.);
#517=CIRCLE('',#1403,1.);
#518=CIRCLE('',#1405,1.);
#519=CIRCLE('',#1408,1.);
#520=CIRCLE('',#1410,1.);
#521=CIRCLE('',#1412,1.);
#522=CIRCLE('',#1414,1.);
#523=ELLIPSE('',#1273,2.23606797749979,2.);
#524=ELLIPSE('',#1274,2.23606797749978,2.);
#525=ELLIPSE('',#1283,2.23606797749979,2.);
#526=ELLIPSE('',#1284,2.23606797749979,2.);
#527=ELLIPSE('',#1367,4.95011642257705,4.);
#528=ELLIPSE('',#1368,1.69751123972404,1.);
#529=ELLIPSE('',#1370,4.95011642257705,4.);
#530=ELLIPSE('',#1371,1.69751123972404,1.);
#531=VERTEX_POINT('',#1858);
#532=VERTEX_POINT('',#1859);
#533=VERTEX_POINT('',#1861);
#534=VERTEX_POINT('',#1865);
#535=VERTEX_POINT('',#1866);
#536=VERTEX_POINT('',#1868);
#537=VERTEX_POINT('',#1870);
#538=VERTEX_POINT('',#1882);
#539=VERTEX_POINT('',#1883);
#540=VERTEX_POINT('',#1920);
#541=VERTEX_POINT('',#1921);
#542=VERTEX_POINT('',#1923);
#543=VERTEX_POINT('',#1927);
#544=VERTEX_POINT('',#1929);
#545=VERTEX_POINT('',#1933);
#546=VERTEX_POINT('',#1935);
#547=VERTEX_POINT('',#1939);
#548=VERTEX_POINT('',#1944);
#549=VERTEX_POINT('',#1946);
#550=VERTEX_POINT('',#1958);
#551=VERTEX_POINT('',#1959);
#552=VERTEX_POINT('',#1964);
#553=VERTEX_POINT('',#1965);
#554=VERTEX_POINT('',#1970);
#555=VERTEX_POINT('',#1972);
#556=VERTEX_POINT('',#1974);
#557=VERTEX_POINT('',#1976);
#558=VERTEX_POINT('',#1978);
#559=VERTEX_POINT('',#1980);
#560=VERTEX_POINT('',#1982);
#561=VERTEX_POINT('',#1984);
#562=VERTEX_POINT('',#1992);
#563=VERTEX_POINT('',#1994);
#564=VERTEX_POINT('',#2006);
#565=VERTEX_POINT('',#2007);
#566=VERTEX_POINT('',#2012);
#567=VERTEX_POINT('',#2013);
#568=VERTEX_POINT('',#2026);
#569=VERTEX_POINT('',#2027);
#570=VERTEX_POINT('',#2032);
#571=VERTEX_POINT('',#2033);
#572=VERTEX_POINT('',#2039);
#573=VERTEX_POINT('',#2044);
#574=VERTEX_POINT('',#2048);
#575=VERTEX_POINT('',#2052);
#576=VERTEX_POINT('',#2056);
#577=VERTEX_POINT('',#2058);
#578=VERTEX_POINT('',#2060);
#579=VERTEX_POINT('',#2062);
#580=VERTEX_POINT('',#2064);
#581=VERTEX_POINT('',#2068);
#582=VERTEX_POINT('',#2070);
#583=VERTEX_POINT('',#2072);
#584=VERTEX_POINT('',#2074);
#585=VERTEX_POINT('',#2078);
#586=VERTEX_POINT('',#2080);
#587=VERTEX_POINT('',#2082);
#588=VERTEX_POINT('',#2113);
#589=VERTEX_POINT('',#2115);
#590=VERTEX_POINT('',#2119);
#591=VERTEX_POINT('',#2121);
#592=VERTEX_POINT('',#2123);
#593=VERTEX_POINT('',#2127);
#594=VERTEX_POINT('',#2131);
#595=VERTEX_POINT('',#2135);
#596=VERTEX_POINT('',#2139);
#597=VERTEX_POINT('',#2143);
#598=VERTEX_POINT('',#2144);
#599=VERTEX_POINT('',#2146);
#600=VERTEX_POINT('',#2148);
#601=VERTEX_POINT('',#2150);
#602=VERTEX_POINT('',#2152);
#603=VERTEX_POINT('',#2154);
#604=VERTEX_POINT('',#2156);
#605=VERTEX_POINT('',#2160);
#606=VERTEX_POINT('',#2161);
#607=VERTEX_POINT('',#2163);
#608=VERTEX_POINT('',#2165);
#609=VERTEX_POINT('',#2167);
#610=VERTEX_POINT('',#2169);
#611=VERTEX_POINT('',#2173);
#612=VERTEX_POINT('',#2175);
#613=VERTEX_POINT('',#2177);
#614=VERTEX_POINT('',#2179);
#615=VERTEX_POINT('',#2181);
#616=VERTEX_POINT('',#2185);
#617=VERTEX_POINT('',#2186);
#618=VERTEX_POINT('',#2188);
#619=VERTEX_POINT('',#2193);
#620=VERTEX_POINT('',#2194);
#621=VERTEX_POINT('',#2196);
#622=VERTEX_POINT('',#2198);
#623=VERTEX_POINT('',#2200);
#624=VERTEX_POINT('',#2202);
#625=VERTEX_POINT('',#2206);
#626=VERTEX_POINT('',#2208);
#627=VERTEX_POINT('',#2210);
#628=VERTEX_POINT('',#2226);
#629=VERTEX_POINT('',#2227);
#630=VERTEX_POINT('',#2229);
#631=VERTEX_POINT('',#2231);
#632=VERTEX_POINT('',#2235);
#633=VERTEX_POINT('',#2236);
#634=VERTEX_POINT('',#2238);
#635=VERTEX_POINT('',#2240);
#636=EDGE_CURVE('',#531,#532,#523,.T.);
#637=EDGE_CURVE('',#532,#533,#524,.T.);
#638=EDGE_CURVE('',#533,#531,#452,.T.);
#639=EDGE_CURVE('',#534,#535,#453,.T.);
#640=EDGE_CURVE('',#535,#536,#65,.T.);
#641=EDGE_CURVE('',#536,#537,#454,.F.);
#642=EDGE_CURVE('',#537,#534,#66,.T.);
#643=EDGE_CURVE('',#538,#539,#455,.T.);
#644=EDGE_CURVE('',#539,#535,#456,.T.);
#645=EDGE_CURVE('',#534,#538,#457,.T.);
#646=EDGE_CURVE('',#532,#539,#67,.T.);
#647=EDGE_CURVE('',#538,#533,#68,.T.);
#648=EDGE_CURVE('',#540,#541,#525,.T.);
#649=EDGE_CURVE('',#541,#542,#526,.T.);
#650=EDGE_CURVE('',#542,#540,#458,.T.);
#651=EDGE_CURVE('',#531,#543,#69,.T.);
#652=EDGE_CURVE('',#543,#544,#459,.T.);
#653=EDGE_CURVE('',#544,#532,#70,.T.);
#654=EDGE_CURVE('',#541,#545,#71,.T.);
#655=EDGE_CURVE('',#545,#546,#460,.T.);
#656=EDGE_CURVE('',#546,#542,#72,.T.);
#657=EDGE_CURVE('',#545,#547,#461,.T.);
#658=EDGE_CURVE('',#547,#544,#462,.T.);
#659=EDGE_CURVE('',#543,#546,#463,.T.);
#660=EDGE_CURVE('',#540,#548,#73,.T.);
#661=EDGE_CURVE('',#548,#549,#464,.T.);
#662=EDGE_CURVE('',#549,#541,#74,.T.);
#663=EDGE_CURVE('',#550,#551,#465,.T.);
#664=EDGE_CURVE('',#551,#549,#466,.T.);
#665=EDGE_CURVE('',#548,#550,#467,.T.);
#666=EDGE_CURVE('',#552,#553,#468,.F.);
#667=EDGE_CURVE('',#553,#551,#75,.T.);
#668=EDGE_CURVE('',#550,#552,#76,.T.);
#669=EDGE_CURVE('',#537,#554,#77,.T.);
#670=EDGE_CURVE('',#555,#554,#78,.T.);
#671=EDGE_CURVE('',#555,#556,#79,.T.);
#672=EDGE_CURVE('',#556,#557,#80,.T.);
#673=EDGE_CURVE('',#557,#558,#81,.T.);
#674=EDGE_CURVE('',#558,#559,#82,.F.);
#675=EDGE_CURVE('',#559,#560,#83,.T.);
#676=EDGE_CURVE('',#560,#561,#84,.T.);
#677=EDGE_CURVE('',#561,#534,#85,.T.);
#678=EDGE_CURVE('',#547,#553,#86,.T.);
#679=EDGE_CURVE('',#536,#547,#87,.T.);
#680=EDGE_CURVE('',#562,#555,#469,.T.);
#681=EDGE_CURVE('',#554,#563,#470,.F.);
#682=EDGE_CURVE('',#563,#562,#88,.T.);
#683=EDGE_CURVE('',#564,#565,#471,.T.);
#684=EDGE_CURVE('',#565,#555,#472,.T.);
#685=EDGE_CURVE('',#562,#564,#473,.T.);
#686=EDGE_CURVE('',#566,#567,#474,.T.);
#687=EDGE_CURVE('',#567,#565,#89,.T.);
#688=EDGE_CURVE('',#564,#566,#90,.T.);
#689=EDGE_CURVE('',#568,#569,#475,.T.);
#690=EDGE_CURVE('',#569,#567,#476,.T.);
#691=EDGE_CURVE('',#566,#568,#477,.T.);
#692=EDGE_CURVE('',#570,#571,#478,.F.);
#693=EDGE_CURVE('',#571,#569,#91,.T.);
#694=EDGE_CURVE('',#568,#570,#92,.T.);
#695=EDGE_CURVE('',#570,#563,#93,.T.);
#696=EDGE_CURVE('',#572,#572,#479,.T.);
#697=EDGE_CURVE('',#552,#571,#94,.T.);
#698=EDGE_CURVE('',#573,#565,#95,.F.);
#699=EDGE_CURVE('',#556,#573,#480,.T.);
#700=EDGE_CURVE('',#567,#574,#96,.T.);
#701=EDGE_CURVE('',#574,#573,#97,.T.);
#702=EDGE_CURVE('',#575,#569,#98,.F.);
#703=EDGE_CURVE('',#574,#575,#481,.T.);
#704=EDGE_CURVE('',#576,#550,#99,.T.);
#705=EDGE_CURVE('',#576,#577,#100,.F.);
#706=EDGE_CURVE('',#577,#578,#101,.F.);
#707=EDGE_CURVE('',#578,#579,#102,.T.);
#708=EDGE_CURVE('',#579,#580,#103,.T.);
#709=EDGE_CURVE('',#580,#575,#104,.F.);
#710=EDGE_CURVE('',#581,#531,#105,.T.);
#711=EDGE_CURVE('',#581,#582,#106,.F.);
#712=EDGE_CURVE('',#582,#583,#107,.T.);
#713=EDGE_CURVE('',#584,#583,#108,.T.);
#714=EDGE_CURVE('',#584,#543,#109,.T.);
#715=EDGE_CURVE('',#584,#585,#482,.T.);
#716=EDGE_CURVE('',#585,#586,#110,.F.);
#717=EDGE_CURVE('',#586,#587,#25,.T.);
#718=EDGE_CURVE('',#587,#588,#111,.T.);
#719=EDGE_CURVE('',#588,#589,#483,.T.);
#720=EDGE_CURVE('',#546,#589,#112,.T.);
#721=EDGE_CURVE('',#589,#590,#113,.T.);
#722=EDGE_CURVE('',#590,#591,#114,.F.);
#723=EDGE_CURVE('',#591,#592,#115,.T.);
#724=EDGE_CURVE('',#592,#542,#116,.F.);
#725=EDGE_CURVE('',#561,#593,#484,.T.);
#726=EDGE_CURVE('',#593,#538,#117,.T.);
#727=EDGE_CURVE('',#594,#533,#118,.T.);
#728=EDGE_CURVE('',#581,#594,#485,.T.);
#729=EDGE_CURVE('',#592,#595,#486,.F.);
#730=EDGE_CURVE('',#540,#595,#119,.T.);
#731=EDGE_CURVE('',#596,#548,#120,.T.);
#732=EDGE_CURVE('',#596,#576,#487,.T.);
#733=EDGE_CURVE('',#597,#598,#488,.T.);
#734=EDGE_CURVE('',#598,#599,#121,.T.);
#735=EDGE_CURVE('',#599,#600,#489,.T.);
#736=EDGE_CURVE('',#600,#601,#122,.T.);
#737=EDGE_CURVE('',#601,#602,#490,.T.);
#738=EDGE_CURVE('',#602,#603,#123,.T.);
#739=EDGE_CURVE('',#603,#604,#491,.T.);
#740=EDGE_CURVE('',#604,#597,#124,.T.);
#741=EDGE_CURVE('',#605,#606,#125,.T.);
#742=EDGE_CURVE('',#606,#607,#126,.F.);
#743=EDGE_CURVE('',#608,#607,#127,.T.);
#744=EDGE_CURVE('',#608,#609,#492,.T.);
#745=EDGE_CURVE('',#609,#610,#128,.T.);
#746=EDGE_CURVE('',#610,#605,#493,.F.);
#747=EDGE_CURVE('',#572,#611,#129,.T.);
#748=EDGE_CURVE('',#612,#611,#494,.T.);
#749=EDGE_CURVE('',#613,#612,#130,.T.);
#750=EDGE_CURVE('',#614,#613,#495,.T.);
#751=EDGE_CURVE('',#614,#615,#131,.T.);
#752=EDGE_CURVE('',#611,#615,#496,.T.);
#753=EDGE_CURVE('',#616,#617,#132,.T.);
#754=EDGE_CURVE('',#617,#618,#133,.F.);
#755=EDGE_CURVE('',#618,#608,#134,.T.);
#756=EDGE_CURVE('',#607,#616,#497,.F.);
#757=EDGE_CURVE('',#619,#620,#135,.T.);
#758=EDGE_CURVE('',#619,#621,#136,.T.);
#759=EDGE_CURVE('',#621,#622,#137,.T.);
#760=EDGE_CURVE('',#622,#623,#498,.F.);
#761=EDGE_CURVE('',#623,#624,#138,.F.);
#762=EDGE_CURVE('',#624,#620,#499,.T.);
#763=EDGE_CURVE('',#620,#625,#139,.F.);
#764=EDGE_CURVE('',#625,#626,#140,.F.);
#765=EDGE_CURVE('',#626,#627,#141,.T.);
#766=EDGE_CURVE('',#627,#619,#500,.F.);
#767=EDGE_CURVE('',#593,#594,#142,.F.);
#768=EDGE_CURVE('',#595,#596,#143,.F.);
#769=EDGE_CURVE('',#583,#585,#144,.T.);
#770=EDGE_CURVE('',#588,#590,#145,.F.);
#771=EDGE_CURVE('',#615,#612,#146,.T.);
#772=EDGE_CURVE('',#614,#613,#147,.T.);
#773=EDGE_CURVE('',#628,#629,#148,.T.);
#774=EDGE_CURVE('',#629,#630,#149,.T.);
#775=EDGE_CURVE('',#630,#631,#150,.F.);
#776=EDGE_CURVE('',#631,#628,#151,.F.);
#777=EDGE_CURVE('',#632,#633,#152,.T.);
#778=EDGE_CURVE('',#633,#634,#153,.T.);
#779=EDGE_CURVE('',#634,#635,#154,.F.);
#780=EDGE_CURVE('',#635,#632,#155,.T.);
#781=EDGE_CURVE('',#626,#586,#527,.T.);
#782=EDGE_CURVE('',#582,#627,#528,.F.);
#783=EDGE_CURVE('',#587,#617,#529,.F.);
#784=EDGE_CURVE('',#616,#591,#530,.T.);
#785=EDGE_CURVE('',#578,#618,#501,.T.);
#786=EDGE_CURVE('',#577,#609,#26,.F.);
#787=EDGE_CURVE('',#634,#579,#502,.F.);
#788=EDGE_CURVE('',#635,#578,#503,.T.);
#789=EDGE_CURVE('',#635,#618,#504,.F.);
#790=EDGE_CURVE('',#558,#633,#505,.F.);
#791=EDGE_CURVE('',#559,#632,#506,.T.);
#792=EDGE_CURVE('',#624,#560,#27,.T.);
#793=EDGE_CURVE('',#625,#559,#507,.T.);
#794=EDGE_CURVE('',#625,#632,#508,.F.);
#795=EDGE_CURVE('',#630,#557,#509,.F.);
#796=EDGE_CURVE('',#631,#556,#510,.T.);
#797=EDGE_CURVE('',#631,#573,#511,.F.);
#798=EDGE_CURVE('',#628,#574,#512,.T.);
#799=EDGE_CURVE('',#628,#575,#513,.F.);
#800=EDGE_CURVE('',#580,#629,#514,.F.);
#801=EDGE_CURVE('',#610,#576,#515,.T.);
#802=EDGE_CURVE('',#605,#596,#516,.T.);
#803=EDGE_CURVE('',#606,#595,#517,.T.);
#804=EDGE_CURVE('',#592,#606,#518,.T.);
#805=EDGE_CURVE('',#561,#623,#519,.T.);
#806=EDGE_CURVE('',#593,#622,#520,.T.);
#807=EDGE_CURVE('',#594,#621,#521,.T.);
#808=EDGE_CURVE('',#581,#621,#522,.F.);
#809=EDGE_CURVE('',#580,#602,#156,.T.);
#810=EDGE_CURVE('',#603,#579,#157,.T.);
#811=EDGE_CURVE('',#604,#634,#158,.T.);
#812=EDGE_CURVE('',#629,#601,#159,.T.);
#813=EDGE_CURVE('',#597,#633,#160,.T.);
#814=EDGE_CURVE('',#630,#600,#161,.T.);
#815=EDGE_CURVE('',#598,#558,#162,.T.);
#816=EDGE_CURVE('',#557,#599,#163,.T.);
#817=ORIENTED_EDGE('',*,*,#636,.T.);
#818=ORIENTED_EDGE('',*,*,#637,.T.);
#819=ORIENTED_EDGE('',*,*,#638,.T.);
#820=ORIENTED_EDGE('',*,*,#639,.T.);
#821=ORIENTED_EDGE('',*,*,#640,.T.);
#822=ORIENTED_EDGE('',*,*,#641,.T.);
#823=ORIENTED_EDGE('',*,*,#642,.T.);
#824=ORIENTED_EDGE('',*,*,#643,.T.);
#825=ORIENTED_EDGE('',*,*,#644,.T.);
#826=ORIENTED_EDGE('',*,*,#639,.F.);
#827=ORIENTED_EDGE('',*,*,#645,.T.);
#828=ORIENTED_EDGE('',*,*,#637,.F.);
#829=ORIENTED_EDGE('',*,*,#646,.T.);
#830=ORIENTED_EDGE('',*,*,#643,.F.);
#831=ORIENTED_EDGE('',*,*,#647,.T.);
#832=ORIENTED_EDGE('',*,*,#648,.T.);
#833=ORIENTED_EDGE('',*,*,#649,.T.);
#834=ORIENTED_EDGE('',*,*,#650,.T.);
#835=ORIENTED_EDGE('',*,*,#636,.F.);
#836=ORIENTED_EDGE('',*,*,#651,.T.);
#837=ORIENTED_EDGE('',*,*,#652,.T.);
#838=ORIENTED_EDGE('',*,*,#653,.T.);
#839=ORIENTED_EDGE('',*,*,#649,.F.);
#840=ORIENTED_EDGE('',*,*,#654,.T.);
#841=ORIENTED_EDGE('',*,*,#655,.T.);
#842=ORIENTED_EDGE('',*,*,#656,.T.);
#843=ORIENTED_EDGE('',*,*,#655,.F.);
#844=ORIENTED_EDGE('',*,*,#657,.T.);
#845=ORIENTED_EDGE('',*,*,#658,.T.);
#846=ORIENTED_EDGE('',*,*,#652,.F.);
#847=ORIENTED_EDGE('',*,*,#659,.T.);
#848=ORIENTED_EDGE('',*,*,#648,.F.);
#849=ORIENTED_EDGE('',*,*,#660,.T.);
#850=ORIENTED_EDGE('',*,*,#661,.T.);
#851=ORIENTED_EDGE('',*,*,#662,.T.);
#852=ORIENTED_EDGE('',*,*,#663,.T.);
#853=ORIENTED_EDGE('',*,*,#664,.T.);
#854=ORIENTED_EDGE('',*,*,#661,.F.);
#855=ORIENTED_EDGE('',*,*,#665,.T.);
#856=ORIENTED_EDGE('',*,*,#666,.T.);
#857=ORIENTED_EDGE('',*,*,#667,.T.);
#858=ORIENTED_EDGE('',*,*,#663,.F.);
#859=ORIENTED_EDGE('',*,*,#668,.T.);
#860=ORIENTED_EDGE('',*,*,#642,.F.);
#861=ORIENTED_EDGE('',*,*,#669,.T.);
#862=ORIENTED_EDGE('',*,*,#670,.F.);
#863=ORIENTED_EDGE('',*,*,#671,.T.);
#864=ORIENTED_EDGE('',*,*,#672,.T.);
#865=ORIENTED_EDGE('',*,*,#673,.T.);
#866=ORIENTED_EDGE('',*,*,#674,.T.);
#867=ORIENTED_EDGE('',*,*,#675,.T.);
#868=ORIENTED_EDGE('',*,*,#676,.T.);
#869=ORIENTED_EDGE('',*,*,#677,.T.);
#870=ORIENTED_EDGE('',*,*,#657,.F.);
#871=ORIENTED_EDGE('',*,*,#654,.F.);
#872=ORIENTED_EDGE('',*,*,#662,.F.);
#873=ORIENTED_EDGE('',*,*,#664,.F.);
#874=ORIENTED_EDGE('',*,*,#667,.F.);
#875=ORIENTED_EDGE('',*,*,#678,.F.);
#876=ORIENTED_EDGE('',*,*,#640,.F.);
#877=ORIENTED_EDGE('',*,*,#644,.F.);
#878=ORIENTED_EDGE('',*,*,#646,.F.);
#879=ORIENTED_EDGE('',*,*,#653,.F.);
#880=ORIENTED_EDGE('',*,*,#658,.F.);
#881=ORIENTED_EDGE('',*,*,#679,.F.);
#882=ORIENTED_EDGE('',*,*,#680,.T.);
#883=ORIENTED_EDGE('',*,*,#670,.T.);
#884=ORIENTED_EDGE('',*,*,#681,.T.);
#885=ORIENTED_EDGE('',*,*,#682,.T.);
#886=ORIENTED_EDGE('',*,*,#683,.T.);
#887=ORIENTED_EDGE('',*,*,#684,.T.);
#888=ORIENTED_EDGE('',*,*,#680,.F.);
#889=ORIENTED_EDGE('',*,*,#685,.T.);
#890=ORIENTED_EDGE('',*,*,#686,.T.);
#891=ORIENTED_EDGE('',*,*,#687,.T.);
#892=ORIENTED_EDGE('',*,*,#683,.F.);
#893=ORIENTED_EDGE('',*,*,#688,.T.);
#894=ORIENTED_EDGE('',*,*,#689,.T.);
#895=ORIENTED_EDGE('',*,*,#690,.T.);
#896=ORIENTED_EDGE('',*,*,#686,.F.);
#897=ORIENTED_EDGE('',*,*,#691,.T.);
#898=ORIENTED_EDGE('',*,*,#692,.T.);
#899=ORIENTED_EDGE('',*,*,#693,.T.);
#900=ORIENTED_EDGE('',*,*,#689,.F.);
#901=ORIENTED_EDGE('',*,*,#694,.T.);
#902=ORIENTED_EDGE('',*,*,#694,.F.);
#903=ORIENTED_EDGE('',*,*,#691,.F.);
#904=ORIENTED_EDGE('',*,*,#688,.F.);
#905=ORIENTED_EDGE('',*,*,#685,.F.);
#906=ORIENTED_EDGE('',*,*,#682,.F.);
#907=ORIENTED_EDGE('',*,*,#695,.F.);
#908=ORIENTED_EDGE('',*,*,#696,.F.);
#909=ORIENTED_EDGE('',*,*,#679,.T.);
#910=ORIENTED_EDGE('',*,*,#678,.T.);
#911=ORIENTED_EDGE('',*,*,#666,.F.);
#912=ORIENTED_EDGE('',*,*,#697,.T.);
#913=ORIENTED_EDGE('',*,*,#692,.F.);
#914=ORIENTED_EDGE('',*,*,#695,.T.);
#915=ORIENTED_EDGE('',*,*,#681,.F.);
#916=ORIENTED_EDGE('',*,*,#669,.F.);
#917=ORIENTED_EDGE('',*,*,#641,.F.);
#918=ORIENTED_EDGE('',*,*,#684,.F.);
#919=ORIENTED_EDGE('',*,*,#698,.F.);
#920=ORIENTED_EDGE('',*,*,#699,.F.);
#921=ORIENTED_EDGE('',*,*,#671,.F.);
#922=ORIENTED_EDGE('',*,*,#687,.F.);
#923=ORIENTED_EDGE('',*,*,#700,.T.);
#924=ORIENTED_EDGE('',*,*,#701,.T.);
#925=ORIENTED_EDGE('',*,*,#698,.T.);
#926=ORIENTED_EDGE('',*,*,#690,.F.);
#927=ORIENTED_EDGE('',*,*,#702,.F.);
#928=ORIENTED_EDGE('',*,*,#703,.F.);
#929=ORIENTED_EDGE('',*,*,#700,.F.);
#930=ORIENTED_EDGE('',*,*,#668,.F.);
#931=ORIENTED_EDGE('',*,*,#704,.F.);
#932=ORIENTED_EDGE('',*,*,#705,.T.);
#933=ORIENTED_EDGE('',*,*,#706,.T.);
#934=ORIENTED_EDGE('',*,*,#707,.T.);
#935=ORIENTED_EDGE('',*,*,#708,.T.);
#936=ORIENTED_EDGE('',*,*,#709,.T.);
#937=ORIENTED_EDGE('',*,*,#702,.T.);
#938=ORIENTED_EDGE('',*,*,#693,.F.);
#939=ORIENTED_EDGE('',*,*,#697,.F.);
#940=ORIENTED_EDGE('',*,*,#651,.F.);
#941=ORIENTED_EDGE('',*,*,#710,.F.);
#942=ORIENTED_EDGE('',*,*,#711,.T.);
#943=ORIENTED_EDGE('',*,*,#712,.T.);
#944=ORIENTED_EDGE('',*,*,#713,.F.);
#945=ORIENTED_EDGE('',*,*,#714,.T.);
#946=ORIENTED_EDGE('',*,*,#659,.F.);
#947=ORIENTED_EDGE('',*,*,#714,.F.);
#948=ORIENTED_EDGE('',*,*,#715,.T.);
#949=ORIENTED_EDGE('',*,*,#716,.T.);
#950=ORIENTED_EDGE('',*,*,#717,.T.);
#951=ORIENTED_EDGE('',*,*,#718,.T.);
#952=ORIENTED_EDGE('',*,*,#719,.T.);
#953=ORIENTED_EDGE('',*,*,#720,.F.);
#954=ORIENTED_EDGE('',*,*,#656,.F.);
#955=ORIENTED_EDGE('',*,*,#720,.T.);
#956=ORIENTED_EDGE('',*,*,#721,.T.);
#957=ORIENTED_EDGE('',*,*,#722,.T.);
#958=ORIENTED_EDGE('',*,*,#723,.T.);
#959=ORIENTED_EDGE('',*,*,#724,.T.);
#960=ORIENTED_EDGE('',*,*,#645,.F.);
#961=ORIENTED_EDGE('',*,*,#677,.F.);
#962=ORIENTED_EDGE('',*,*,#725,.T.);
#963=ORIENTED_EDGE('',*,*,#726,.T.);
#964=ORIENTED_EDGE('',*,*,#638,.F.);
#965=ORIENTED_EDGE('',*,*,#727,.F.);
#966=ORIENTED_EDGE('',*,*,#728,.F.);
#967=ORIENTED_EDGE('',*,*,#710,.T.);
#968=ORIENTED_EDGE('',*,*,#650,.F.);
#969=ORIENTED_EDGE('',*,*,#724,.F.);
#970=ORIENTED_EDGE('',*,*,#729,.T.);
#971=ORIENTED_EDGE('',*,*,#730,.F.);
#972=ORIENTED_EDGE('',*,*,#665,.F.);
#973=ORIENTED_EDGE('',*,*,#731,.F.);
#974=ORIENTED_EDGE('',*,*,#732,.T.);
#975=ORIENTED_EDGE('',*,*,#704,.T.);
#976=ORIENTED_EDGE('',*,*,#733,.T.);
#977=ORIENTED_EDGE('',*,*,#734,.T.);
#978=ORIENTED_EDGE('',*,*,#735,.T.);
#979=ORIENTED_EDGE('',*,*,#736,.T.);
#980=ORIENTED_EDGE('',*,*,#737,.T.);
#981=ORIENTED_EDGE('',*,*,#738,.T.);
#982=ORIENTED_EDGE('',*,*,#739,.T.);
#983=ORIENTED_EDGE('',*,*,#740,.T.);
#984=ORIENTED_EDGE('',*,*,#741,.T.);
#985=ORIENTED_EDGE('',*,*,#742,.T.);
#986=ORIENTED_EDGE('',*,*,#743,.F.);
#987=ORIENTED_EDGE('',*,*,#744,.T.);
#988=ORIENTED_EDGE('',*,*,#745,.T.);
#989=ORIENTED_EDGE('',*,*,#746,.T.);
#990=ORIENTED_EDGE('',*,*,#696,.T.);
#991=ORIENTED_EDGE('',*,*,#747,.T.);
#992=ORIENTED_EDGE('',*,*,#748,.F.);
#993=ORIENTED_EDGE('',*,*,#749,.F.);
#994=ORIENTED_EDGE('',*,*,#750,.F.);
#995=ORIENTED_EDGE('',*,*,#751,.T.);
#996=ORIENTED_EDGE('',*,*,#752,.F.);
#997=ORIENTED_EDGE('',*,*,#747,.F.);
#998=ORIENTED_EDGE('',*,*,#753,.T.);
#999=ORIENTED_EDGE('',*,*,#754,.T.);
#1000=ORIENTED_EDGE('',*,*,#755,.T.);
#1001=ORIENTED_EDGE('',*,*,#743,.T.);
#1002=ORIENTED_EDGE('',*,*,#756,.T.);
#1003=ORIENTED_EDGE('',*,*,#757,.F.);
#1004=ORIENTED_EDGE('',*,*,#758,.T.);
#1005=ORIENTED_EDGE('',*,*,#759,.T.);
#1006=ORIENTED_EDGE('',*,*,#760,.T.);
#1007=ORIENTED_EDGE('',*,*,#761,.T.);
#1008=ORIENTED_EDGE('',*,*,#762,.T.);
#1009=ORIENTED_EDGE('',*,*,#763,.T.);
#1010=ORIENTED_EDGE('',*,*,#764,.T.);
#1011=ORIENTED_EDGE('',*,*,#765,.T.);
#1012=ORIENTED_EDGE('',*,*,#766,.T.);
#1013=ORIENTED_EDGE('',*,*,#757,.T.);
#1014=ORIENTED_EDGE('',*,*,#647,.F.);
#1015=ORIENTED_EDGE('',*,*,#726,.F.);
#1016=ORIENTED_EDGE('',*,*,#767,.T.);
#1017=ORIENTED_EDGE('',*,*,#727,.T.);
#1018=ORIENTED_EDGE('',*,*,#660,.F.);
#1019=ORIENTED_EDGE('',*,*,#730,.T.);
#1020=ORIENTED_EDGE('',*,*,#768,.T.);
#1021=ORIENTED_EDGE('',*,*,#731,.T.);
#1022=ORIENTED_EDGE('',*,*,#713,.T.);
#1023=ORIENTED_EDGE('',*,*,#769,.T.);
#1024=ORIENTED_EDGE('',*,*,#715,.F.);
#1025=ORIENTED_EDGE('',*,*,#719,.F.);
#1026=ORIENTED_EDGE('',*,*,#770,.T.);
#1027=ORIENTED_EDGE('',*,*,#721,.F.);
#1028=ORIENTED_EDGE('',*,*,#771,.T.);
#1029=ORIENTED_EDGE('',*,*,#748,.T.);
#1030=ORIENTED_EDGE('',*,*,#752,.T.);
#1031=ORIENTED_EDGE('',*,*,#771,.F.);
#1032=ORIENTED_EDGE('',*,*,#751,.F.);
#1033=ORIENTED_EDGE('',*,*,#772,.T.);
#1034=ORIENTED_EDGE('',*,*,#749,.T.);
#1035=ORIENTED_EDGE('',*,*,#773,.T.);
#1036=ORIENTED_EDGE('',*,*,#774,.T.);
#1037=ORIENTED_EDGE('',*,*,#775,.T.);
#1038=ORIENTED_EDGE('',*,*,#776,.T.);
#1039=ORIENTED_EDGE('',*,*,#750,.T.);
#1040=ORIENTED_EDGE('',*,*,#772,.F.);
#1041=ORIENTED_EDGE('',*,*,#777,.T.);
#1042=ORIENTED_EDGE('',*,*,#778,.T.);
#1043=ORIENTED_EDGE('',*,*,#779,.T.);
#1044=ORIENTED_EDGE('',*,*,#780,.T.);
#1045=ORIENTED_EDGE('',*,*,#765,.F.);
#1046=ORIENTED_EDGE('',*,*,#781,.T.);
#1047=ORIENTED_EDGE('',*,*,#716,.F.);
#1048=ORIENTED_EDGE('',*,*,#769,.F.);
#1049=ORIENTED_EDGE('',*,*,#712,.F.);
#1050=ORIENTED_EDGE('',*,*,#782,.T.);
#1051=ORIENTED_EDGE('',*,*,#718,.F.);
#1052=ORIENTED_EDGE('',*,*,#783,.T.);
#1053=ORIENTED_EDGE('',*,*,#753,.F.);
#1054=ORIENTED_EDGE('',*,*,#784,.T.);
#1055=ORIENTED_EDGE('',*,*,#722,.F.);
#1056=ORIENTED_EDGE('',*,*,#770,.F.);
#1057=ORIENTED_EDGE('',*,*,#744,.F.);
#1058=ORIENTED_EDGE('',*,*,#755,.F.);
#1059=ORIENTED_EDGE('',*,*,#785,.F.);
#1060=ORIENTED_EDGE('',*,*,#706,.F.);
#1061=ORIENTED_EDGE('',*,*,#786,.T.);
#1062=ORIENTED_EDGE('',*,*,#779,.F.);
#1063=ORIENTED_EDGE('',*,*,#787,.T.);
#1064=ORIENTED_EDGE('',*,*,#707,.F.);
#1065=ORIENTED_EDGE('',*,*,#788,.F.);
#1066=ORIENTED_EDGE('',*,*,#788,.T.);
#1067=ORIENTED_EDGE('',*,*,#785,.T.);
#1068=ORIENTED_EDGE('',*,*,#789,.F.);
#1069=ORIENTED_EDGE('',*,*,#674,.F.);
#1070=ORIENTED_EDGE('',*,*,#790,.T.);
#1071=ORIENTED_EDGE('',*,*,#777,.F.);
#1072=ORIENTED_EDGE('',*,*,#791,.F.);
#1073=ORIENTED_EDGE('',*,*,#762,.F.);
#1074=ORIENTED_EDGE('',*,*,#792,.T.);
#1075=ORIENTED_EDGE('',*,*,#675,.F.);
#1076=ORIENTED_EDGE('',*,*,#793,.F.);
#1077=ORIENTED_EDGE('',*,*,#763,.F.);
#1078=ORIENTED_EDGE('',*,*,#783,.F.);
#1079=ORIENTED_EDGE('',*,*,#717,.F.);
#1080=ORIENTED_EDGE('',*,*,#781,.F.);
#1081=ORIENTED_EDGE('',*,*,#764,.F.);
#1082=ORIENTED_EDGE('',*,*,#794,.T.);
#1083=ORIENTED_EDGE('',*,*,#780,.F.);
#1084=ORIENTED_EDGE('',*,*,#789,.T.);
#1085=ORIENTED_EDGE('',*,*,#754,.F.);
#1086=ORIENTED_EDGE('',*,*,#793,.T.);
#1087=ORIENTED_EDGE('',*,*,#791,.T.);
#1088=ORIENTED_EDGE('',*,*,#794,.F.);
#1089=ORIENTED_EDGE('',*,*,#775,.F.);
#1090=ORIENTED_EDGE('',*,*,#795,.T.);
#1091=ORIENTED_EDGE('',*,*,#672,.F.);
#1092=ORIENTED_EDGE('',*,*,#796,.F.);
#1093=ORIENTED_EDGE('',*,*,#796,.T.);
#1094=ORIENTED_EDGE('',*,*,#699,.T.);
#1095=ORIENTED_EDGE('',*,*,#797,.F.);
#1096=ORIENTED_EDGE('',*,*,#797,.T.);
#1097=ORIENTED_EDGE('',*,*,#701,.F.);
#1098=ORIENTED_EDGE('',*,*,#798,.F.);
#1099=ORIENTED_EDGE('',*,*,#776,.F.);
#1100=ORIENTED_EDGE('',*,*,#798,.T.);
#1101=ORIENTED_EDGE('',*,*,#703,.T.);
#1102=ORIENTED_EDGE('',*,*,#799,.F.);
#1103=ORIENTED_EDGE('',*,*,#709,.F.);
#1104=ORIENTED_EDGE('',*,*,#800,.T.);
#1105=ORIENTED_EDGE('',*,*,#773,.F.);
#1106=ORIENTED_EDGE('',*,*,#799,.T.);
#1107=ORIENTED_EDGE('',*,*,#786,.F.);
#1108=ORIENTED_EDGE('',*,*,#705,.F.);
#1109=ORIENTED_EDGE('',*,*,#801,.F.);
#1110=ORIENTED_EDGE('',*,*,#745,.F.);
#1111=ORIENTED_EDGE('',*,*,#801,.T.);
#1112=ORIENTED_EDGE('',*,*,#732,.F.);
#1113=ORIENTED_EDGE('',*,*,#802,.F.);
#1114=ORIENTED_EDGE('',*,*,#746,.F.);
#1115=ORIENTED_EDGE('',*,*,#802,.T.);
#1116=ORIENTED_EDGE('',*,*,#768,.F.);
#1117=ORIENTED_EDGE('',*,*,#803,.F.);
#1118=ORIENTED_EDGE('',*,*,#741,.F.);
#1119=ORIENTED_EDGE('',*,*,#756,.F.);
#1120=ORIENTED_EDGE('',*,*,#742,.F.);
#1121=ORIENTED_EDGE('',*,*,#804,.F.);
#1122=ORIENTED_EDGE('',*,*,#723,.F.);
#1123=ORIENTED_EDGE('',*,*,#784,.F.);
#1124=ORIENTED_EDGE('',*,*,#804,.T.);
#1125=ORIENTED_EDGE('',*,*,#803,.T.);
#1126=ORIENTED_EDGE('',*,*,#729,.F.);
#1127=ORIENTED_EDGE('',*,*,#792,.F.);
#1128=ORIENTED_EDGE('',*,*,#761,.F.);
#1129=ORIENTED_EDGE('',*,*,#805,.F.);
#1130=ORIENTED_EDGE('',*,*,#676,.F.);
#1131=ORIENTED_EDGE('',*,*,#805,.T.);
#1132=ORIENTED_EDGE('',*,*,#760,.F.);
#1133=ORIENTED_EDGE('',*,*,#806,.F.);
#1134=ORIENTED_EDGE('',*,*,#725,.F.);
#1135=ORIENTED_EDGE('',*,*,#806,.T.);
#1136=ORIENTED_EDGE('',*,*,#759,.F.);
#1137=ORIENTED_EDGE('',*,*,#807,.F.);
#1138=ORIENTED_EDGE('',*,*,#767,.F.);
#1139=ORIENTED_EDGE('',*,*,#728,.T.);
#1140=ORIENTED_EDGE('',*,*,#807,.T.);
#1141=ORIENTED_EDGE('',*,*,#808,.F.);
#1142=ORIENTED_EDGE('',*,*,#782,.F.);
#1143=ORIENTED_EDGE('',*,*,#711,.F.);
#1144=ORIENTED_EDGE('',*,*,#808,.T.);
#1145=ORIENTED_EDGE('',*,*,#758,.F.);
#1146=ORIENTED_EDGE('',*,*,#766,.F.);
#1147=ORIENTED_EDGE('',*,*,#809,.F.);
#1148=ORIENTED_EDGE('',*,*,#708,.F.);
#1149=ORIENTED_EDGE('',*,*,#810,.F.);
#1150=ORIENTED_EDGE('',*,*,#738,.F.);
#1151=ORIENTED_EDGE('',*,*,#810,.T.);
#1152=ORIENTED_EDGE('',*,*,#787,.F.);
#1153=ORIENTED_EDGE('',*,*,#811,.F.);
#1154=ORIENTED_EDGE('',*,*,#739,.F.);
#1155=ORIENTED_EDGE('',*,*,#809,.T.);
#1156=ORIENTED_EDGE('',*,*,#737,.F.);
#1157=ORIENTED_EDGE('',*,*,#812,.F.);
#1158=ORIENTED_EDGE('',*,*,#800,.F.);
#1159=ORIENTED_EDGE('',*,*,#811,.T.);
#1160=ORIENTED_EDGE('',*,*,#778,.F.);
#1161=ORIENTED_EDGE('',*,*,#813,.F.);
#1162=ORIENTED_EDGE('',*,*,#740,.F.);
#1163=ORIENTED_EDGE('',*,*,#812,.T.);
#1164=ORIENTED_EDGE('',*,*,#736,.F.);
#1165=ORIENTED_EDGE('',*,*,#814,.F.);
#1166=ORIENTED_EDGE('',*,*,#774,.F.);
#1167=ORIENTED_EDGE('',*,*,#813,.T.);
#1168=ORIENTED_EDGE('',*,*,#790,.F.);
#1169=ORIENTED_EDGE('',*,*,#815,.F.);
#1170=ORIENTED_EDGE('',*,*,#733,.F.);
#1171=ORIENTED_EDGE('',*,*,#814,.T.);
#1172=ORIENTED_EDGE('',*,*,#735,.F.);
#1173=ORIENTED_EDGE('',*,*,#816,.F.);
#1174=ORIENTED_EDGE('',*,*,#795,.F.);
#1175=ORIENTED_EDGE('',*,*,#815,.T.);
#1176=ORIENTED_EDGE('',*,*,#673,.F.);
#1177=ORIENTED_EDGE('',*,*,#816,.T.);
#1178=ORIENTED_EDGE('',*,*,#734,.F.);
#1179=B_SPLINE_SURFACE_WITH_KNOTS('',3,3,((#1828,#1829,#1830,#1831,#1832,
#1833),(#1834,#1835,#1836,#1837,#1838,#1839),(#1840,#1841,#1842,#1843,#1844,
#1845),(#1846,#1847,#1848,#1849,#1850,#1851),(#1852,#1853,#1854,#1855,#1856,
#1857)),.UNSPECIFIED.,.F.,.F.,.F.,(4,1,4),(4,1,1,4),(0.,0.571428571428571,
1.),(-1.43114686768087E-16,0.448798950512827,0.673198425769241,1.5707963267949),
 .UNSPECIFIED.);
#1180=B_SPLINE_SURFACE_WITH_KNOTS('',3,3,((#1890,#1891,#1892,#1893,#1894,
#1895),(#1896,#1897,#1898,#1899,#1900,#1901),(#1902,#1903,#1904,#1905,#1906,
#1907),(#1908,#1909,#1910,#1911,#1912,#1913),(#1914,#1915,#1916,#1917,#1918,
#1919)),.UNSPECIFIED.,.F.,.F.,.F.,(4,1,4),(4,1,1,4),(0.,0.571428571428571,
1.),(-4.77048955893621E-17,0.448798950512825,0.673198425769238,1.57079632679489),
 .UNSPECIFIED.);
#1181=ADVANCED_FACE('',(#294),#1179,.F.);
#1182=ADVANCED_FACE('',(#295),#263,.T.);
#1183=ADVANCED_FACE('',(#296),#61,.F.);
#1184=ADVANCED_FACE('',(#297),#264,.T.);
#1185=ADVANCED_FACE('',(#298),#1180,.F.);
#1186=ADVANCED_FACE('',(#299),#265,.T.);
#1187=ADVANCED_FACE('',(#300),#266,.T.);
#1188=ADVANCED_FACE('',(#301),#58,.T.);
#1189=ADVANCED_FACE('',(#302),#267,.T.);
#1190=ADVANCED_FACE('',(#303),#62,.F.);
#1191=ADVANCED_FACE('',(#304),#268,.T.);
#1192=ADVANCED_FACE('',(#305),#30,.F.);
#1193=ADVANCED_FACE('',(#306),#31,.T.);
#1194=ADVANCED_FACE('',(#307),#32,.T.);
#1195=ADVANCED_FACE('',(#308),#269,.T.);
#1196=ADVANCED_FACE('',(#309),#63,.F.);
#1197=ADVANCED_FACE('',(#310),#270,.T.);
#1198=ADVANCED_FACE('',(#311),#64,.F.);
#1199=ADVANCED_FACE('',(#312),#271,.T.);
#1200=ADVANCED_FACE('',(#313,#28),#33,.F.);
#1201=ADVANCED_FACE('',(#314),#34,.F.);
#1202=ADVANCED_FACE('',(#315),#272,.T.);
#1203=ADVANCED_FACE('',(#316),#35,.F.);
#1204=ADVANCED_FACE('',(#317),#273,.T.);
#1205=ADVANCED_FACE('',(#318),#36,.T.);
#1206=ADVANCED_FACE('',(#319),#37,.T.);
#1207=ADVANCED_FACE('',(#320),#274,.F.);
#1208=ADVANCED_FACE('',(#321),#38,.T.);
#1209=ADVANCED_FACE('',(#322),#275,.T.);
#1210=ADVANCED_FACE('',(#323),#276,.T.);
#1211=ADVANCED_FACE('',(#324),#277,.T.);
#1212=ADVANCED_FACE('',(#325),#278,.T.);
#1213=ADVANCED_FACE('',(#326),#39,.T.);
#1214=ADVANCED_FACE('',(#327),#40,.F.);
#1215=ADVANCED_FACE('',(#328),#279,.F.);
#1216=ADVANCED_FACE('',(#329),#41,.T.);
#1217=ADVANCED_FACE('',(#330),#42,.F.);
#1218=ADVANCED_FACE('',(#331),#43,.T.);
#1219=ADVANCED_FACE('',(#332),#44,.T.);
#1220=ADVANCED_FACE('',(#333),#45,.T.);
#1221=ADVANCED_FACE('',(#334),#46,.T.);
#1222=ADVANCED_FACE('',(#335),#47,.T.);
#1223=ADVANCED_FACE('',(#336),#48,.F.);
#1224=ADVANCED_FACE('',(#337),#49,.T.);
#1225=ADVANCED_FACE('',(#338,#29),#50,.T.);
#1226=ADVANCED_FACE('',(#339),#51,.T.);
#1227=ADVANCED_FACE('',(#340),#52,.T.);
#1228=ADVANCED_FACE('',(#341),#53,.F.);
#1229=ADVANCED_FACE('',(#342),#280,.T.);
#1230=ADVANCED_FACE('',(#343),#281,.T.);
#1231=ADVANCED_FACE('',(#344),#19,.T.);
#1232=ADVANCED_FACE('',(#345),#282,.T.);
#1233=ADVANCED_FACE('',(#346),#283,.T.);
#1234=ADVANCED_FACE('',(#347),#284,.T.);
#1235=ADVANCED_FACE('',(#348),#20,.T.);
#1236=ADVANCED_FACE('',(#349),#285,.T.);
#1237=ADVANCED_FACE('',(#350),#21,.T.);
#1238=ADVANCED_FACE('',(#351),#286,.T.);
#1239=ADVANCED_FACE('',(#352),#22,.T.);
#1240=ADVANCED_FACE('',(#353),#287,.T.);
#1241=ADVANCED_FACE('',(#354),#288,.T.);
#1242=ADVANCED_FACE('',(#355),#59,.T.);
#1243=ADVANCED_FACE('',(#356),#289,.T.);
#1244=ADVANCED_FACE('',(#357),#290,.T.);
#1245=ADVANCED_FACE('',(#358),#23,.T.);
#1246=ADVANCED_FACE('',(#359),#291,.T.);
#1247=ADVANCED_FACE('',(#360),#60,.T.);
#1248=ADVANCED_FACE('',(#361),#292,.T.);
#1249=ADVANCED_FACE('',(#362),#24,.T.);
#1250=ADVANCED_FACE('',(#363),#293,.T.);
#1251=ADVANCED_FACE('',(#364),#54,.F.);
#1252=ADVANCED_FACE('',(#365),#15,.T.);
#1253=ADVANCED_FACE('',(#366),#16,.T.);
#1254=ADVANCED_FACE('',(#367),#55,.F.);
#1255=ADVANCED_FACE('',(#368),#56,.F.);
#1256=ADVANCED_FACE('',(#369),#17,.T.);
#1257=ADVANCED_FACE('',(#370),#18,.T.);
#1258=ADVANCED_FACE('',(#371),#57,.T.);
#1259=CLOSED_SHELL('',(#1181,#1182,#1183,#1184,#1185,#1186,#1187,#1188,
#1189,#1190,#1191,#1192,#1193,#1194,#1195,#1196,#1197,#1198,#1199,#1200,
#1201,#1202,#1203,#1204,#1205,#1206,#1207,#1208,#1209,#1210,#1211,#1212,
#1213,#1214,#1215,#1216,#1217,#1218,#1219,#1220,#1221,#1222,#1223,#1224,
#1225,#1226,#1227,#1228,#1229,#1230,#1231,#1232,#1233,#1234,#1235,#1236,
#1237,#1238,#1239,#1240,#1241,#1242,#1243,#1244,#1245,#1246,#1247,#1248,
#1249,#1250,#1251,#1252,#1253,#1254,#1255,#1256,#1257,#1258));
#1260=DERIVED_UNIT_ELEMENT(#1262,1.);
#1261=DERIVED_UNIT_ELEMENT(#2326,-3.);
#1262=(
MASS_UNIT()
NAMED_UNIT(*)
SI_UNIT(.KILO.,.GRAM.)
);
#1263=DERIVED_UNIT((#1260,#1261));
#1264=MEASURE_REPRESENTATION_ITEM('density measure',
POSITIVE_RATIO_MEASURE(7850.),#1263);
#1265=PROPERTY_DEFINITION_REPRESENTATION(#1270,#1267);
#1266=PROPERTY_DEFINITION_REPRESENTATION(#1271,#1268);
#1267=REPRESENTATION('material name',(#1269),#2323);
#1268=REPRESENTATION('density',(#1264),#2323);
#1269=DESCRIPTIVE_REPRESENTATION_ITEM('Stahl','Stahl');
#1270=PROPERTY_DEFINITION('material property','material name',#2333);
#1271=PROPERTY_DEFINITION('material property','density of part',#2333);
#1272=AXIS2_PLACEMENT_3D('',#1827,#1424,#1425);
#1273=AXIS2_PLACEMENT_3D('',#1860,#1426,#1427);
#1274=AXIS2_PLACEMENT_3D('',#1862,#1428,#1429);
#1275=AXIS2_PLACEMENT_3D('',#1863,#1430,#1431);
#1276=AXIS2_PLACEMENT_3D('',#1864,#1432,#1433);
#1277=AXIS2_PLACEMENT_3D('',#1867,#1434,#1435);
#1278=AXIS2_PLACEMENT_3D('',#1871,#1437,#1438);
#1279=AXIS2_PLACEMENT_3D('',#1884,#1440,#1441);
#1280=AXIS2_PLACEMENT_3D('',#1885,#1442,#1443);
#1281=AXIS2_PLACEMENT_3D('',#1886,#1444,#1445);
#1282=AXIS2_PLACEMENT_3D('',#1887,#1446,#1447);
#1283=AXIS2_PLACEMENT_3D('',#1922,#1450,#1451);
#1284=AXIS2_PLACEMENT_3D('',#1924,#1452,#1453);
#1285=AXIS2_PLACEMENT_3D('',#1925,#1454,#1455);
#1286=AXIS2_PLACEMENT_3D('',#1926,#1456,#1457);
#1287=AXIS2_PLACEMENT_3D('',#1930,#1459,#1460);
#1288=AXIS2_PLACEMENT_3D('',#1932,#1462,#1463);
#1289=AXIS2_PLACEMENT_3D('',#1936,#1465,#1466);
#1290=AXIS2_PLACEMENT_3D('',#1938,#1468,#1469);
#1291=AXIS2_PLACEMENT_3D('',#1940,#1470,#1471);
#1292=AXIS2_PLACEMENT_3D('',#1941,#1472,#1473);
#1293=AXIS2_PLACEMENT_3D('',#1942,#1474,#1475);
#1294=AXIS2_PLACEMENT_3D('',#1943,#1476,#1477);
#1295=AXIS2_PLACEMENT_3D('',#1947,#1479,#1480);
#1296=AXIS2_PLACEMENT_3D('',#1960,#1482,#1483);
#1297=AXIS2_PLACEMENT_3D('',#1961,#1484,#1485);
#1298=AXIS2_PLACEMENT_3D('',#1962,#1486,#1487);
#1299=AXIS2_PLACEMENT_3D('',#1963,#1488,#1489);
#1300=AXIS2_PLACEMENT_3D('',#1966,#1490,#1491);
#1301=AXIS2_PLACEMENT_3D('',#1969,#1494,#1495);
#1302=AXIS2_PLACEMENT_3D('',#1987,#1505,#1506);
#1303=AXIS2_PLACEMENT_3D('',#1989,#1508,#1509);
#1304=AXIS2_PLACEMENT_3D('',#1991,#1511,#1512);
#1305=AXIS2_PLACEMENT_3D('',#1993,#1513,#1514);
#1306=AXIS2_PLACEMENT_3D('',#1995,#1515,#1516);
#1307=AXIS2_PLACEMENT_3D('',#2008,#1518,#1519);
#1308=AXIS2_PLACEMENT_3D('',#2009,#1520,#1521);
#1309=AXIS2_PLACEMENT_3D('',#2010,#1522,#1523);
#1310=AXIS2_PLACEMENT_3D('',#2011,#1524,#1525);
#1311=AXIS2_PLACEMENT_3D('',#2014,#1526,#1527);
#1312=AXIS2_PLACEMENT_3D('',#2028,#1530,#1531);
#1313=AXIS2_PLACEMENT_3D('',#2029,#1532,#1533);
#1314=AXIS2_PLACEMENT_3D('',#2030,#1534,#1535);
#1315=AXIS2_PLACEMENT_3D('',#2031,#1536,#1537);
#1316=AXIS2_PLACEMENT_3D('',#2034,#1538,#1539);
#1317=AXIS2_PLACEMENT_3D('',#2037,#1542,#1543);
#1318=AXIS2_PLACEMENT_3D('',#2040,#1545,#1546);
#1319=AXIS2_PLACEMENT_3D('',#2041,#1547,#1548);
#1320=AXIS2_PLACEMENT_3D('',#2043,#1550,#1551);
#1321=AXIS2_PLACEMENT_3D('',#2046,#1553,#1554);
#1322=AXIS2_PLACEMENT_3D('',#2047,#1555,#1556);
#1323=AXIS2_PLACEMENT_3D('',#2051,#1559,#1560);
#1324=AXIS2_PLACEMENT_3D('',#2054,#1562,#1563);
#1325=AXIS2_PLACEMENT_3D('',#2055,#1564,#1565);
#1326=AXIS2_PLACEMENT_3D('',#2067,#1572,#1573);
#1327=AXIS2_PLACEMENT_3D('',#2077,#1579,#1580);
#1328=AXIS2_PLACEMENT_3D('',#2079,#1581,#1582);
#1329=AXIS2_PLACEMENT_3D('',#2116,#1585,#1586);
#1330=AXIS2_PLACEMENT_3D('',#2118,#1588,#1589);
#1331=AXIS2_PLACEMENT_3D('',#2126,#1594,#1595);
#1332=AXIS2_PLACEMENT_3D('',#2128,#1596,#1597);
#1333=AXIS2_PLACEMENT_3D('',#2130,#1599,#1600);
#1334=AXIS2_PLACEMENT_3D('',#2133,#1602,#1603);
#1335=AXIS2_PLACEMENT_3D('',#2134,#1604,#1605);
#1336=AXIS2_PLACEMENT_3D('',#2136,#1606,#1607);
#1337=AXIS2_PLACEMENT_3D('',#2138,#1609,#1610);
#1338=AXIS2_PLACEMENT_3D('',#2141,#1612,#1613);
#1339=AXIS2_PLACEMENT_3D('',#2142,#1614,#1615);
#1340=AXIS2_PLACEMENT_3D('',#2145,#1616,#1617);
#1341=AXIS2_PLACEMENT_3D('',#2149,#1619,#1620);
#1342=AXIS2_PLACEMENT_3D('',#2153,#1622,#1623);
#1343=AXIS2_PLACEMENT_3D('',#2157,#1625,#1626);
#1344=AXIS2_PLACEMENT_3D('',#2159,#1628,#1629);
#1345=AXIS2_PLACEMENT_3D('',#2168,#1633,#1634);
#1346=AXIS2_PLACEMENT_3D('',#2171,#1636,#1637);
#1347=AXIS2_PLACEMENT_3D('',#2172,#1638,#1639);
#1348=AXIS2_PLACEMENT_3D('',#2176,#1641,#1642);
#1349=AXIS2_PLACEMENT_3D('',#2180,#1644,#1645);
#1350=AXIS2_PLACEMENT_3D('',#2183,#1647,#1648);
#1351=AXIS2_PLACEMENT_3D('',#2184,#1649,#1650);
#1352=AXIS2_PLACEMENT_3D('',#2191,#1654,#1655);
#1353=AXIS2_PLACEMENT_3D('',#2192,#1656,#1657);
#1354=AXIS2_PLACEMENT_3D('',#2201,#1661,#1662);
#1355=AXIS2_PLACEMENT_3D('',#2204,#1664,#1665);
#1356=AXIS2_PLACEMENT_3D('',#2205,#1666,#1667);
#1357=AXIS2_PLACEMENT_3D('',#2212,#1671,#1672);
#1358=AXIS2_PLACEMENT_3D('',#2213,#1673,#1674);
#1359=AXIS2_PLACEMENT_3D('',#2215,#1676,#1677);
#1360=AXIS2_PLACEMENT_3D('',#2217,#1679,#1680);
#1361=AXIS2_PLACEMENT_3D('',#2219,#1682,#1683);
#1362=AXIS2_PLACEMENT_3D('',#2221,#1685,#1686);
#1363=AXIS2_PLACEMENT_3D('',#2223,#1688,#1689);
#1364=AXIS2_PLACEMENT_3D('',#2225,#1691,#1692);
#1365=AXIS2_PLACEMENT_3D('',#2234,#1697,#1698);
#1366=AXIS2_PLACEMENT_3D('',#2243,#1703,#1704);
#1367=AXIS2_PLACEMENT_3D('',#2244,#1705,#1706);
#1368=AXIS2_PLACEMENT_3D('',#2245,#1707,#1708);
#1369=AXIS2_PLACEMENT_3D('',#2246,#1709,#1710);
#1370=AXIS2_PLACEMENT_3D('',#2247,#1711,#1712);
#1371=AXIS2_PLACEMENT_3D('',#2248,#1713,#1714);
#1372=AXIS2_PLACEMENT_3D('',#2249,#1715,#1716);
#1373=AXIS2_PLACEMENT_3D('',#2250,#1717,#1718);
#1374=AXIS2_PLACEMENT_3D('',#2257,#1719,#1720);
#1375=AXIS2_PLACEMENT_3D('',#2258,#1721,#1722);
#1376=AXIS2_PLACEMENT_3D('',#2259,#1723,#1724);
#1377=AXIS2_PLACEMENT_3D('',#2260,#1725,#1726);
#1378=AXIS2_PLACEMENT_3D('',#2261,#1727,#1728);
#1379=AXIS2_PLACEMENT_3D('',#2262,#1729,#1730);
#1380=AXIS2_PLACEMENT_3D('',#2263,#1731,#1732);
#1381=AXIS2_PLACEMENT_3D('',#2264,#1733,#1734);
#1382=AXIS2_PLACEMENT_3D('',#2265,#1735,#1736);
#1383=AXIS2_PLACEMENT_3D('',#2272,#1737,#1738);
#1384=AXIS2_PLACEMENT_3D('',#2273,#1739,#1740);
#1385=AXIS2_PLACEMENT_3D('',#2274,#1741,#1742);
#1386=AXIS2_PLACEMENT_3D('',#2275,#1743,#1744);
#1387=AXIS2_PLACEMENT_3D('',#2276,#1745,#1746);
#1388=AXIS2_PLACEMENT_3D('',#2277,#1747,#1748);
#1389=AXIS2_PLACEMENT_3D('',#2278,#1749,#1750);
#1390=AXIS2_PLACEMENT_3D('',#2279,#1751,#1752);
#1391=AXIS2_PLACEMENT_3D('',#2280,#1753,#1754);
#1392=AXIS2_PLACEMENT_3D('',#2281,#1755,#1756);
#1393=AXIS2_PLACEMENT_3D('',#2282,#1757,#1758);
#1394=AXIS2_PLACEMENT_3D('',#2283,#1759,#1760);
#1395=AXIS2_PLACEMENT_3D('',#2284,#1761,#1762);
#1396=AXIS2_PLACEMENT_3D('',#2285,#1763,#1764);
#1397=AXIS2_PLACEMENT_3D('',#2286,#1765,#1766);
#1398=AXIS2_PLACEMENT_3D('',#2287,#1767,#1768);
#1399=AXIS2_PLACEMENT_3D('',#2288,#1769,#1770);
#1400=AXIS2_PLACEMENT_3D('',#2289,#1771,#1772);
#1401=AXIS2_PLACEMENT_3D('',#2290,#1773,#1774);
#1402=AXIS2_PLACEMENT_3D('',#2291,#1775,#1776);
#1403=AXIS2_PLACEMENT_3D('',#2292,#1777,#1778);
#1404=AXIS2_PLACEMENT_3D('',#2293,#1779,#1780);
#1405=AXIS2_PLACEMENT_3D('',#2294,#1781,#1782);
#1406=AXIS2_PLACEMENT_3D('',#2295,#1783,#1784);
#1407=AXIS2_PLACEMENT_3D('',#2296,#1785,#1786);
#1408=AXIS2_PLACEMENT_3D('',#2297,#1787,#1788);
#1409=AXIS2_PLACEMENT_3D('',#2298,#1789,#1790);
#1410=AXIS2_PLACEMENT_3D('',#2299,#1791,#1792);
#1411=AXIS2_PLACEMENT_3D('',#2300,#1793,#1794);
#1412=AXIS2_PLACEMENT_3D('',#2301,#1795,#1796);
#1413=AXIS2_PLACEMENT_3D('',#2302,#1797,#1798);
#1414=AXIS2_PLACEMENT_3D('',#2303,#1799,#1800);
#1415=AXIS2_PLACEMENT_3D('',#2304,#1801,#1802);
#1416=AXIS2_PLACEMENT_3D('',#2305,#1803,#1804);
#1417=AXIS2_PLACEMENT_3D('',#2308,#1807,#1808);
#1418=AXIS2_PLACEMENT_3D('',#2310,#1810,#1811);
#1419=AXIS2_PLACEMENT_3D('',#2312,#1813,#1814);
#1420=AXIS2_PLACEMENT_3D('',#2314,#1816,#1817);
#1421=AXIS2_PLACEMENT_3D('',#2316,#1819,#1820);
#1422=AXIS2_PLACEMENT_3D('',#2318,#1822,#1823);
#1423=AXIS2_PLACEMENT_3D('',#2320,#1825,#1826);
#1424=DIRECTION('axis',(0.,0.,1.));
#1425=DIRECTION('refdir',(1.,0.,0.));
#1426=DIRECTION('center_axis',(0.,-0.447213595499957,0.894427190999917));
#1427=DIRECTION('ref_axis',(0.,0.894427190999917,0.447213595499957));
#1428=DIRECTION('center_axis',(0.,0.894427190999919,-0.447213595499953));
#1429=DIRECTION('ref_axis',(0.,0.447213595499953,0.894427190999919));
#1430=DIRECTION('center_axis',(-1.,0.,0.));
#1431=DIRECTION('ref_axis',(0.,0.,1.));
#1432=DIRECTION('center_axis',(0.,-1.7347234759768E-16,1.));
#1433=DIRECTION('ref_axis',(-0.707106781186548,-0.707106781186547,0.));
#1434=DIRECTION('center_axis',(0.,-3.60822483003176E-15,-1.));
#1435=DIRECTION('ref_axis',(0.,-1.,3.60822483003176E-15));
#1436=DIRECTION('',(0.,1.7347234759768E-16,-1.));
#1437=DIRECTION('center_axis',(0.,0.,-1.));
#1438=DIRECTION('ref_axis',(-0.707106781186548,-0.707106781186547,0.));
#1439=DIRECTION('',(0.,-1.7347234759768E-16,1.));
#1440=DIRECTION('center_axis',(0.,-1.,0.));
#1441=DIRECTION('ref_axis',(0.,0.,1.));
#1442=DIRECTION('center_axis',(1.,0.,0.));
#1443=DIRECTION('ref_axis',(0.,-0.707106781186548,0.707106781186547));
#1444=DIRECTION('center_axis',(-1.,0.,0.));
#1445=DIRECTION('ref_axis',(0.,-0.707106781186548,0.707106781186547));
#1446=DIRECTION('center_axis',(0.,1.,0.));
#1447=DIRECTION('ref_axis',(-0.707106781186548,0.,0.707106781186547));
#1448=DIRECTION('',(0.,-1.,0.));
#1449=DIRECTION('',(0.,1.,0.));
#1450=DIRECTION('center_axis',(7.94410929039128E-15,-0.894427190999916,
-0.447213595499958));
#1451=DIRECTION('ref_axis',(0.,-0.447213595499958,0.894427190999916));
#1452=DIRECTION('center_axis',(0.,0.447213595499957,0.894427190999917));
#1453=DIRECTION('ref_axis',(0.,-0.894427190999917,0.447213595499957));
#1454=DIRECTION('center_axis',(-1.,0.,0.));
#1455=DIRECTION('ref_axis',(0.,-1.,-2.22044604925031E-15));
#1456=DIRECTION('center_axis',(0.,0.,-1.));
#1457=DIRECTION('ref_axis',(-0.707106781186548,0.707106781186547,0.));
#1458=DIRECTION('',(0.,0.,-1.));
#1459=DIRECTION('center_axis',(0.,0.,1.));
#1460=DIRECTION('ref_axis',(0.,1.,0.));
#1461=DIRECTION('',(0.,0.,1.));
#1462=DIRECTION('center_axis',(0.,0.,1.));
#1463=DIRECTION('ref_axis',(-0.707106781186548,-0.707106781186547,0.));
#1464=DIRECTION('',(0.,0.,-1.));
#1465=DIRECTION('center_axis',(0.,0.,1.));
#1466=DIRECTION('ref_axis',(-1.,0.,0.));
#1467=DIRECTION('',(0.,0.,1.));
#1468=DIRECTION('center_axis',(1.,0.,0.));
#1469=DIRECTION('ref_axis',(0.,0.,-1.));
#1470=DIRECTION('center_axis',(-1.,0.,0.));
#1471=DIRECTION('ref_axis',(0.,-1.22464679914735E-16,-1.));
#1472=DIRECTION('center_axis',(-1.,0.,0.));
#1473=DIRECTION('ref_axis',(0.,-1.22464679914735E-16,-1.));
#1474=DIRECTION('center_axis',(1.,0.,0.));
#1475=DIRECTION('ref_axis',(0.,-1.22464679914735E-16,-1.));
#1476=DIRECTION('center_axis',(0.,1.,0.));
#1477=DIRECTION('ref_axis',(-0.707106781186548,0.,0.707106781186547));
#1478=DIRECTION('',(0.,1.,0.));
#1479=DIRECTION('center_axis',(0.,-1.,0.));
#1480=DIRECTION('ref_axis',(0.,0.,1.));
#1481=DIRECTION('',(0.,-1.,0.));
#1482=DIRECTION('center_axis',(0.,1.38777878078145E-16,1.));
#1483=DIRECTION('ref_axis',(0.,1.,-1.38777878078145E-16));
#1484=DIRECTION('center_axis',(1.,0.,0.));
#1485=DIRECTION('ref_axis',(0.,0.707106781186548,0.707106781186547));
#1486=DIRECTION('center_axis',(-1.,0.,0.));
#1487=DIRECTION('ref_axis',(0.,0.707106781186548,0.707106781186547));
#1488=DIRECTION('center_axis',(0.,1.7347234759768E-16,-1.));
#1489=DIRECTION('ref_axis',(-0.707106781186548,0.707106781186547,0.));
#1490=DIRECTION('center_axis',(0.,0.,-1.));
#1491=DIRECTION('ref_axis',(-0.707106781186548,0.707106781186547,0.));
#1492=DIRECTION('',(0.,-1.7347234759768E-16,1.));
#1493=DIRECTION('',(0.,1.7347234759768E-16,-1.));
#1494=DIRECTION('center_axis',(0.,1.,1.7347234759768E-16));
#1495=DIRECTION('ref_axis',(0.,-1.7347234759768E-16,1.));
#1496=DIRECTION('',(-1.,0.,0.));
#1497=DIRECTION('',(0.,1.7347234759768E-16,-1.));
#1498=DIRECTION('',(-1.,0.,0.));
#1499=DIRECTION('',(0.,1.7347234759768E-16,-1.));
#1500=DIRECTION('',(1.,0.,0.));
#1501=DIRECTION('',(0.,1.7347234759768E-16,-1.));
#1502=DIRECTION('',(-1.,0.,0.));
#1503=DIRECTION('',(0.,-1.7347234759768E-16,1.));
#1504=DIRECTION('',(-1.,0.,0.));
#1505=DIRECTION('center_axis',(-1.,0.,0.));
#1506=DIRECTION('ref_axis',(0.,0.,1.));
#1507=DIRECTION('',(0.,1.,0.));
#1508=DIRECTION('center_axis',(-1.,0.,0.));
#1509=DIRECTION('ref_axis',(0.,0.,1.));
#1510=DIRECTION('',(0.,1.,0.));
#1511=DIRECTION('center_axis',(0.,-1.7347234759768E-16,1.));
#1512=DIRECTION('ref_axis',(0.707106781186548,-0.707106781186547,0.));
#1513=DIRECTION('center_axis',(0.,-1.66533453693774E-15,-1.));
#1514=DIRECTION('ref_axis',(1.,0.,0.));
#1515=DIRECTION('center_axis',(0.,0.,-1.));
#1516=DIRECTION('ref_axis',(0.707106781186548,-0.707106781186547,0.));
#1517=DIRECTION('',(0.,-1.7347234759768E-16,1.));
#1518=DIRECTION('center_axis',(0.,-1.,0.));
#1519=DIRECTION('ref_axis',(1.,0.,0.));
#1520=DIRECTION('center_axis',(1.,0.,0.));
#1521=DIRECTION('ref_axis',(0.,-0.707106781186548,0.707106781186547));
#1522=DIRECTION('center_axis',(-1.,0.,0.));
#1523=DIRECTION('ref_axis',(0.,-0.707106781186548,0.707106781186547));
#1524=DIRECTION('center_axis',(0.,1.,0.));
#1525=DIRECTION('ref_axis',(0.707106781186549,0.,0.707106781186546));
#1526=DIRECTION('center_axis',(0.,-1.,0.));
#1527=DIRECTION('ref_axis',(1.,0.,0.));
#1528=DIRECTION('',(0.,-1.,0.));
#1529=DIRECTION('',(0.,1.,0.));
#1530=DIRECTION('center_axis',(0.,0.,1.));
#1531=DIRECTION('ref_axis',(1.,0.,0.));
#1532=DIRECTION('center_axis',(1.,0.,0.));
#1533=DIRECTION('ref_axis',(0.,0.707106781186548,0.707106781186547));
#1534=DIRECTION('center_axis',(-1.,0.,0.));
#1535=DIRECTION('ref_axis',(0.,0.707106781186548,0.707106781186547));
#1536=DIRECTION('center_axis',(0.,1.7347234759768E-16,-1.));
#1537=DIRECTION('ref_axis',(0.707106781186548,0.707106781186547,0.));
#1538=DIRECTION('center_axis',(0.,0.,-1.));
#1539=DIRECTION('ref_axis',(0.707106781186548,0.707106781186547,0.));
#1540=DIRECTION('',(0.,-1.7347234759768E-16,1.));
#1541=DIRECTION('',(0.,1.7347234759768E-16,-1.));
#1542=DIRECTION('center_axis',(-1.,0.,0.));
#1543=DIRECTION('ref_axis',(0.,0.,1.));
#1544=DIRECTION('',(0.,-1.,0.));
#1545=DIRECTION('center_axis',(1.,0.,0.));
#1546=DIRECTION('ref_axis',(0.,0.,1.));
#1547=DIRECTION('center_axis',(0.,0.,-1.));
#1548=DIRECTION('ref_axis',(1.,0.,0.));
#1549=DIRECTION('',(-1.,0.,0.));
#1550=DIRECTION('center_axis',(-1.,0.,0.));
#1551=DIRECTION('ref_axis',(0.,0.,1.));
#1552=DIRECTION('',(-1.,0.,0.));
#1553=DIRECTION('center_axis',(-1.,0.,0.));
#1554=DIRECTION('ref_axis',(0.,0.,1.));
#1555=DIRECTION('center_axis',(0.,0.,-1.));
#1556=DIRECTION('ref_axis',(-1.,0.,0.));
#1557=DIRECTION('',(-1.,0.,0.));
#1558=DIRECTION('',(0.,-1.,0.));
#1559=DIRECTION('center_axis',(1.,0.,0.));
#1560=DIRECTION('ref_axis',(0.,0.,-1.));
#1561=DIRECTION('',(-1.,0.,0.));
#1562=DIRECTION('center_axis',(-1.,-6.50521303491303E-16,0.));
#1563=DIRECTION('ref_axis',(6.50521303491303E-16,-1.,0.));
#1564=DIRECTION('center_axis',(0.,1.,1.7347234759768E-16));
#1565=DIRECTION('ref_axis',(0.,-1.7347234759768E-16,1.));
#1566=DIRECTION('',(-1.,0.,0.));
#1567=DIRECTION('',(0.,-1.7347234759768E-16,1.));
#1568=DIRECTION('',(-1.,0.,0.));
#1569=DIRECTION('',(0.,1.7347234759768E-16,-1.));
#1570=DIRECTION('',(-1.,0.,0.));
#1571=DIRECTION('',(0.,1.7347234759768E-16,-1.));
#1572=DIRECTION('center_axis',(0.,1.,0.));
#1573=DIRECTION('ref_axis',(0.,0.,1.));
#1574=DIRECTION('',(-1.,0.,0.));
#1575=DIRECTION('',(0.,0.,1.));
#1576=DIRECTION('',(1.,0.,0.));
#1577=DIRECTION('',(0.,0.,1.));
#1578=DIRECTION('',(-1.,0.,0.));
#1579=DIRECTION('center_axis',(-1.,0.,0.));
#1580=DIRECTION('ref_axis',(0.,1.22464679914735E-16,-1.));
#1581=DIRECTION('center_axis',(-1.,0.,0.));
#1582=DIRECTION('ref_axis',(0.,0.,1.));
#1583=DIRECTION('',(-1.,0.,0.));
#1584=DIRECTION('',(-1.,0.,0.));
#1585=DIRECTION('center_axis',(-1.,0.,0.));
#1586=DIRECTION('ref_axis',(0.,0.,1.));
#1587=DIRECTION('',(1.,0.,0.));
#1588=DIRECTION('center_axis',(0.,-1.,0.));
#1589=DIRECTION('ref_axis',(0.,0.,-1.));
#1590=DIRECTION('',(0.,0.,1.));
#1591=DIRECTION('',(1.,0.,0.));
#1592=DIRECTION('',(0.,0.,1.));
#1593=DIRECTION('',(1.,0.,0.));
#1594=DIRECTION('center_axis',(1.,0.,0.));
#1595=DIRECTION('ref_axis',(0.,0.,-1.));
#1596=DIRECTION('center_axis',(-1.,0.,0.));
#1597=DIRECTION('ref_axis',(0.,0.,1.));
#1598=DIRECTION('',(-1.,0.,0.));
#1599=DIRECTION('center_axis',(-1.,0.,0.));
#1600=DIRECTION('ref_axis',(0.,0.,1.));
#1601=DIRECTION('',(-1.,0.,0.));
#1602=DIRECTION('center_axis',(1.,0.,0.));
#1603=DIRECTION('ref_axis',(0.,0.,-1.));
#1604=DIRECTION('center_axis',(1.,0.,0.));
#1605=DIRECTION('ref_axis',(0.,0.,-1.));
#1606=DIRECTION('center_axis',(1.,0.,0.));
#1607=DIRECTION('ref_axis',(0.,0.,-1.));
#1608=DIRECTION('',(1.,0.,0.));
#1609=DIRECTION('center_axis',(-1.,0.,0.));
#1610=DIRECTION('ref_axis',(0.,0.,1.));
#1611=DIRECTION('',(-1.,0.,0.));
#1612=DIRECTION('center_axis',(-1.,0.,0.));
#1613=DIRECTION('ref_axis',(0.,0.,1.));
#1614=DIRECTION('center_axis',(0.,0.,-1.));
#1615=DIRECTION('ref_axis',(-1.,0.,0.));
#1616=DIRECTION('center_axis',(0.,0.,-1.));
#1617=DIRECTION('ref_axis',(-1.,0.,0.));
#1618=DIRECTION('',(-1.,0.,0.));
#1619=DIRECTION('center_axis',(0.,0.,-1.));
#1620=DIRECTION('ref_axis',(-1.,0.,0.));
#1621=DIRECTION('',(0.,1.,0.));
#1622=DIRECTION('center_axis',(0.,0.,-1.));
#1623=DIRECTION('ref_axis',(-1.,0.,0.));
#1624=DIRECTION('',(1.,0.,0.));
#1625=DIRECTION('center_axis',(0.,0.,-1.));
#1626=DIRECTION('ref_axis',(-1.,0.,0.));
#1627=DIRECTION('',(0.,-1.,0.));
#1628=DIRECTION('center_axis',(-1.,0.,0.));
#1629=DIRECTION('ref_axis',(0.,0.,1.));
#1630=DIRECTION('',(0.,-1.,0.));
#1631=DIRECTION('',(0.,0.,1.));
#1632=DIRECTION('',(0.,-1.,0.));
#1633=DIRECTION('center_axis',(-1.,0.,0.));
#1634=DIRECTION('ref_axis',(0.,0.,1.));
#1635=DIRECTION('',(0.,-1.7347234759768E-16,1.));
#1636=DIRECTION('center_axis',(-1.,0.,0.));
#1637=DIRECTION('ref_axis',(0.,0.,1.));
#1638=DIRECTION('center_axis',(-1.,0.,0.));
#1639=DIRECTION('ref_axis',(0.,0.,1.));
#1640=DIRECTION('',(-1.,0.,0.));
#1641=DIRECTION('center_axis',(1.,0.,0.));
#1642=DIRECTION('ref_axis',(0.,0.,-1.));
#1643=DIRECTION('',(1.,0.,0.));
#1644=DIRECTION('center_axis',(1.,0.,0.));
#1645=DIRECTION('ref_axis',(0.,0.,-1.));
#1646=DIRECTION('',(1.,0.,0.));
#1647=DIRECTION('center_axis',(1.,0.,0.));
#1648=DIRECTION('ref_axis',(0.,0.,-1.));
#1649=DIRECTION('center_axis',(0.,0.,1.));
#1650=DIRECTION('ref_axis',(1.,0.,0.));
#1651=DIRECTION('',(1.,0.,0.));
#1652=DIRECTION('',(0.,-1.,0.));
#1653=DIRECTION('',(-1.,0.,0.));
#1654=DIRECTION('center_axis',(0.,0.,1.));
#1655=DIRECTION('ref_axis',(1.,0.,0.));
#1656=DIRECTION('center_axis',(-1.,0.,0.));
#1657=DIRECTION('ref_axis',(0.,0.,1.));
#1658=DIRECTION('',(0.,-1.,0.));
#1659=DIRECTION('',(0.,0.,1.));
#1660=DIRECTION('',(0.,-1.,0.));
#1661=DIRECTION('center_axis',(-1.,0.,0.));
#1662=DIRECTION('ref_axis',(0.,0.,1.));
#1663=DIRECTION('',(0.,-1.7347234759768E-16,1.));
#1664=DIRECTION('center_axis',(-1.,0.,0.));
#1665=DIRECTION('ref_axis',(0.,0.,1.));
#1666=DIRECTION('center_axis',(0.,0.,1.));
#1667=DIRECTION('ref_axis',(1.,0.,0.));
#1668=DIRECTION('',(-1.,0.,0.));
#1669=DIRECTION('',(0.,-1.,0.));
#1670=DIRECTION('',(-1.,0.,0.));
#1671=DIRECTION('center_axis',(0.,0.,1.));
#1672=DIRECTION('ref_axis',(1.,0.,0.));
#1673=DIRECTION('center_axis',(0.,0.,1.));
#1674=DIRECTION('ref_axis',(1.,0.,0.));
#1675=DIRECTION('',(0.,-1.,0.));
#1676=DIRECTION('center_axis',(0.,0.,1.));
#1677=DIRECTION('ref_axis',(1.,0.,0.));
#1678=DIRECTION('',(0.,-1.,0.));
#1679=DIRECTION('center_axis',(-1.,0.,0.));
#1680=DIRECTION('ref_axis',(0.,0.,1.));
#1681=DIRECTION('',(0.,0.589097719413373,-0.808061802699499));
#1682=DIRECTION('center_axis',(-1.,0.,0.));
#1683=DIRECTION('ref_axis',(0.,0.,1.));
#1684=DIRECTION('',(0.,-0.589097719413373,-0.808061802699499));
#1685=DIRECTION('center_axis',(-1.,0.,0.));
#1686=DIRECTION('ref_axis',(0.,-1.,0.));
#1687=DIRECTION('',(0.,-1.,0.));
#1688=DIRECTION('center_axis',(0.,0.,1.));
#1689=DIRECTION('ref_axis',(1.,0.,0.));
#1690=DIRECTION('',(0.,-1.,0.));
#1691=DIRECTION('center_axis',(-1.,0.,0.));
#1692=DIRECTION('ref_axis',(0.,-1.,0.));
#1693=DIRECTION('',(0.,1.7347234759768E-16,-1.));
#1694=DIRECTION('',(0.,-1.,0.));
#1695=DIRECTION('',(0.,1.7347234759768E-16,-1.));
#1696=DIRECTION('',(0.,-1.,0.));
#1697=DIRECTION('center_axis',(1.,0.,0.));
#1698=DIRECTION('ref_axis',(0.,1.,0.));
#1699=DIRECTION('',(0.,1.7347234759768E-16,-1.));
#1700=DIRECTION('',(0.,1.,0.));
#1701=DIRECTION('',(0.,1.7347234759768E-16,-1.));
#1702=DIRECTION('',(0.,-1.,0.));
#1703=DIRECTION('center_axis',(0.,0.808061802699499,0.589097719413373));
#1704=DIRECTION('ref_axis',(-1.,0.,0.));
#1705=DIRECTION('center_axis',(0.,0.808061802699499,0.589097719413373));
#1706=DIRECTION('ref_axis',(0.,-0.589097719413373,0.808061802699498));
#1707=DIRECTION('center_axis',(0.,0.808061802699499,0.589097719413373));
#1708=DIRECTION('ref_axis',(0.,0.589097719413373,-0.808061802699499));
#1709=DIRECTION('center_axis',(0.,0.808061802699499,-0.589097719413373));
#1710=DIRECTION('ref_axis',(-1.,0.,0.));
#1711=DIRECTION('center_axis',(0.,0.808061802699499,-0.589097719413373));
#1712=DIRECTION('ref_axis',(0.,-0.589097719413373,-0.808061802699498));
#1713=DIRECTION('center_axis',(0.,0.808061802699499,-0.589097719413373));
#1714=DIRECTION('ref_axis',(0.,-0.589097719413373,-0.808061802699499));
#1715=DIRECTION('center_axis',(-1.,0.,0.));
#1716=DIRECTION('ref_axis',(0.,0.,1.));
#1717=DIRECTION('center_axis',(1.,0.,0.));
#1718=DIRECTION('ref_axis',(0.,0.,-1.));
#1719=DIRECTION('center_axis',(0.,1.7347234759768E-16,-1.));
#1720=DIRECTION('ref_axis',(0.,1.,1.7347234759768E-16));
#1721=DIRECTION('center_axis',(0.,8.67361737988405E-15,-1.));
#1722=DIRECTION('ref_axis',(0.,1.,8.67361737988405E-15));
#1723=DIRECTION('center_axis',(0.,-2.16840434497101E-16,1.));
#1724=DIRECTION('ref_axis',(0.,-1.,-2.16840434497101E-16));
#1725=DIRECTION('center_axis',(0.,1.,3.33066907387547E-16));
#1726=DIRECTION('ref_axis',(0.,0.,1.));
#1727=DIRECTION('center_axis',(0.,1.,0.));
#1728=DIRECTION('ref_axis',(0.,0.,1.));
#1729=DIRECTION('center_axis',(0.,-1.7347234759768E-16,1.));
#1730=DIRECTION('ref_axis',(0.,-1.,-1.7347234759768E-16));
#1731=DIRECTION('center_axis',(0.,0.,-1.));
#1732=DIRECTION('ref_axis',(-1.,0.,0.));
#1733=DIRECTION('center_axis',(0.,-2.16840434497101E-16,1.));
#1734=DIRECTION('ref_axis',(0.,-1.,-2.16840434497101E-16));
#1735=DIRECTION('center_axis',(1.,0.,0.));
#1736=DIRECTION('ref_axis',(0.,0.,-1.));
#1737=DIRECTION('center_axis',(1.,0.,0.));
#1738=DIRECTION('ref_axis',(0.,0.,-1.));
#1739=DIRECTION('center_axis',(0.,-1.,0.));
#1740=DIRECTION('ref_axis',(0.,0.,-1.));
#1741=DIRECTION('center_axis',(0.,-1.,0.));
#1742=DIRECTION('ref_axis',(0.,0.,-1.));
#1743=DIRECTION('center_axis',(0.,-1.,-3.33066907387547E-16));
#1744=DIRECTION('ref_axis',(0.,0.,-1.));
#1745=DIRECTION('center_axis',(0.,-1.7347234759768E-16,1.));
#1746=DIRECTION('ref_axis',(0.,-1.,-1.7347234759768E-16));
#1747=DIRECTION('center_axis',(0.,8.67361737988405E-15,-1.));
#1748=DIRECTION('ref_axis',(0.,1.,8.67361737988405E-15));
#1749=DIRECTION('center_axis',(0.,-2.16840434497101E-16,1.));
#1750=DIRECTION('ref_axis',(0.,-1.,-2.16840434497101E-16));
#1751=DIRECTION('center_axis',(6.66133814775094E-16,-1.,-2.22044604925031E-16));
#1752=DIRECTION('ref_axis',(1.,4.44089209850063E-16,0.));
#1753=DIRECTION('center_axis',(8.67361737988403E-16,-1.,0.));
#1754=DIRECTION('ref_axis',(1.,8.67361737988403E-16,0.));
#1755=DIRECTION('center_axis',(0.,1.,0.));
#1756=DIRECTION('ref_axis',(0.,0.,1.));
#1757=DIRECTION('center_axis',(0.,1.,0.));
#1758=DIRECTION('ref_axis',(0.,0.,1.));
#1759=DIRECTION('center_axis',(6.66133814775094E-16,0.,1.));
#1760=DIRECTION('ref_axis',(1.,0.,-6.66133814775094E-16));
#1761=DIRECTION('center_axis',(0.,-2.16840434497101E-16,1.));
#1762=DIRECTION('ref_axis',(0.,-1.,-2.16840434497101E-16));
#1763=DIRECTION('center_axis',(0.,1.7347234759768E-16,-1.));
#1764=DIRECTION('ref_axis',(0.,1.,1.7347234759768E-16));
#1765=DIRECTION('center_axis',(0.,8.67361737988405E-15,-1.));
#1766=DIRECTION('ref_axis',(0.,1.,8.67361737988405E-15));
#1767=DIRECTION('center_axis',(0.,1.7347234759768E-16,-1.));
#1768=DIRECTION('ref_axis',(0.,1.,1.7347234759768E-16));
#1769=DIRECTION('center_axis',(0.,0.,1.));
#1770=DIRECTION('ref_axis',(1.,0.,0.));
#1771=DIRECTION('center_axis',(-1.,0.,0.));
#1772=DIRECTION('ref_axis',(0.,0.,1.));
#1773=DIRECTION('center_axis',(0.,-1.,0.));
#1774=DIRECTION('ref_axis',(0.,0.,-1.));
#1775=DIRECTION('center_axis',(0.,1.,0.));
#1776=DIRECTION('ref_axis',(0.,0.,1.));
#1777=DIRECTION('center_axis',(0.,-1.,0.));
#1778=DIRECTION('ref_axis',(0.,0.,-1.));
#1779=DIRECTION('center_axis',(0.,0.,-1.));
#1780=DIRECTION('ref_axis',(-1.,0.,0.));
#1781=DIRECTION('center_axis',(0.,0.,1.));
#1782=DIRECTION('ref_axis',(1.,0.,0.));
#1783=DIRECTION('center_axis',(1.,0.,0.));
#1784=DIRECTION('ref_axis',(0.,0.,-1.));
#1785=DIRECTION('center_axis',(0.,-1.7347234759768E-16,1.));
#1786=DIRECTION('ref_axis',(0.,-1.,-1.7347234759768E-16));
#1787=DIRECTION('center_axis',(0.,0.,1.));
#1788=DIRECTION('ref_axis',(1.,0.,0.));
#1789=DIRECTION('center_axis',(-1.,0.,0.));
#1790=DIRECTION('ref_axis',(0.,0.,1.));
#1791=DIRECTION('center_axis',(0.,1.,0.));
#1792=DIRECTION('ref_axis',(0.,0.,1.));
#1793=DIRECTION('center_axis',(0.,1.,0.));
#1794=DIRECTION('ref_axis',(0.,0.,1.));
#1795=DIRECTION('center_axis',(0.,1.,0.));
#1796=DIRECTION('ref_axis',(0.,0.,1.));
#1797=DIRECTION('center_axis',(0.,0.,1.));
#1798=DIRECTION('ref_axis',(1.,0.,0.));
#1799=DIRECTION('center_axis',(0.,0.,1.));
#1800=DIRECTION('ref_axis',(1.,0.,0.));
#1801=DIRECTION('center_axis',(0.,0.,-1.));
#1802=DIRECTION('ref_axis',(-1.,0.,0.));
#1803=DIRECTION('center_axis',(0.,-0.707106781186543,0.707106781186552));
#1804=DIRECTION('ref_axis',(-1.,0.,0.));
#1805=DIRECTION('',(0.,-0.70710678118655,-0.707106781186545));
#1806=DIRECTION('',(0.,0.70710678118655,0.707106781186545));
#1807=DIRECTION('center_axis',(0.,-8.67361737988405E-15,1.));
#1808=DIRECTION('ref_axis',(0.,-1.,-8.67361737988405E-15));
#1809=DIRECTION('',(0.707106781186557,0.,0.707106781186538));
#1810=DIRECTION('center_axis',(0.,-8.67361737988405E-15,1.));
#1811=DIRECTION('ref_axis',(0.,-1.,-8.67361737988405E-15));
#1812=DIRECTION('',(0.70710678118658,0.,-0.707106781186515));
#1813=DIRECTION('center_axis',(-0.707106781186543,0.,0.707106781186552));
#1814=DIRECTION('ref_axis',(0.,-1.,0.));
#1815=DIRECTION('',(0.707106781186552,0.,0.707106781186543));
#1816=DIRECTION('center_axis',(0.707106781186544,0.,0.707106781186552));
#1817=DIRECTION('ref_axis',(0.,-1.,0.));
#1818=DIRECTION('',(0.707106781186551,0.,-0.707106781186544));
#1819=DIRECTION('center_axis',(0.,0.,1.));
#1820=DIRECTION('ref_axis',(1.,0.,0.));
#1821=DIRECTION('',(0.,-0.707106781186555,0.70710678118654));
#1822=DIRECTION('center_axis',(0.,-8.67361737988405E-15,1.));
#1823=DIRECTION('ref_axis',(0.,-1.,-8.67361737988405E-15));
#1824=DIRECTION('',(0.,0.707106781186584,-0.707106781186511));
#1825=DIRECTION('center_axis',(0.,-0.707106781186543,-0.707106781186552));
#1826=DIRECTION('ref_axis',(1.,0.,0.));
#1827=CARTESIAN_POINT('',(0.,0.,0.));
#1828=CARTESIAN_POINT('Ctrl Pts',(17.9,-2.1,5.));
#1829=CARTESIAN_POINT('Ctrl Pts',(17.6008006996581,-2.1,5.));
#1830=CARTESIAN_POINT('Ctrl Pts',(17.1539811563092,-2.20357650049185,4.94821174975407));
#1831=CARTESIAN_POINT('Ctrl Pts',(16.2568879076237,-2.76186609415319,4.66906695292341));
#1832=CARTESIAN_POINT('Ctrl Pts',(15.9,-3.50160139931624,4.29919930034187));
#1833=CARTESIAN_POINT('Ctrl Pts',(15.9,-4.1,3.99999999999999));
#1834=CARTESIAN_POINT('Ctrl Pts',(17.9,-2.1,5.29919930034189));
#1835=CARTESIAN_POINT('Ctrl Pts',(17.5553685561581,-2.1,5.29919930034189));
#1836=CARTESIAN_POINT('Ctrl Pts',(17.0486826504514,-2.23732427055057,5.20996979280063));
#1837=CARTESIAN_POINT('Ctrl Pts',(16.1701057923347,-2.8759205125547,4.80181960251591));
#1838=CARTESIAN_POINT('Ctrl Pts',(15.9,-3.55859174223851,4.35618964326413));
#1839=CARTESIAN_POINT('Ctrl Pts',(15.9,-4.1,3.99999999999999));
#1840=CARTESIAN_POINT('Ctrl Pts',(17.9,-2.35107839017883,5.81726087019629));
#1841=CARTESIAN_POINT('Ctrl Pts',(17.5163365570379,-2.35107839017883,5.81726087019629));
#1842=CARTESIAN_POINT('Ctrl Pts',(16.9581998056007,-2.49692839750037,5.66482235178915));
#1843=CARTESIAN_POINT('Ctrl Pts',(16.1030336328597,-3.09682831252937,5.03707519242364));
#1844=CARTESIAN_POINT('Ctrl Pts',(15.9,-3.65832484235247,4.4559227433781));
#1845=CARTESIAN_POINT('Ctrl Pts',(15.9,-4.1,3.99999999999999));
#1846=CARTESIAN_POINT('Ctrl Pts',(17.9,-2.8756005247436,6.00000000000002));
#1847=CARTESIAN_POINT('Ctrl Pts',(17.5671777002923,-2.8756005247436,6.00000000000002));
#1848=CARTESIAN_POINT('Ctrl Pts',(17.0755526153405,-2.95553143623857,5.87103999194945));
#1849=CARTESIAN_POINT('Ctrl Pts',(16.1916504553234,-3.33058344323853,5.25346259199639));
#1850=CARTESIAN_POINT('Ctrl Pts',(15.9,-3.75805794246643,4.55565584349206));
#1851=CARTESIAN_POINT('Ctrl Pts',(15.9,-4.10000000000001,3.99999999999999));
#1852=CARTESIAN_POINT('Ctrl Pts',(17.9,-3.10000000000001,6.00000000000002));
#1853=CARTESIAN_POINT('Ctrl Pts',(17.6008006996581,-3.10000000000001,6.00000000000002));
#1854=CARTESIAN_POINT('Ctrl Pts',(17.1539811563092,-3.15178825024594,5.89642349950817));
#1855=CARTESIAN_POINT('Ctrl Pts',(16.2568879076237,-3.4309330470766,5.33813390584682));
#1856=CARTESIAN_POINT('Ctrl Pts',(15.9,-3.80080069965813,4.59839860068376));
#1857=CARTESIAN_POINT('Ctrl Pts',(15.9,-4.10000000000001,3.99999999999999));
#1858=CARTESIAN_POINT('',(17.9,-2.1,5.));
#1859=CARTESIAN_POINT('',(15.9,-4.1,4.));
#1860=CARTESIAN_POINT('Origin',(17.9,-4.1,4.));
#1861=CARTESIAN_POINT('',(17.9,-3.10000000000001,6.));
#1862=CARTESIAN_POINT('Origin',(17.9,-4.1,4.));
#1863=CARTESIAN_POINT('Origin',(17.9,-3.10000000000001,5.));
#1864=CARTESIAN_POINT('Origin',(17.9,-18.,-125.908810567666));
#1865=CARTESIAN_POINT('',(17.9,-20.,2.));
#1866=CARTESIAN_POINT('',(15.9,-18.,1.99999999999999));
#1867=CARTESIAN_POINT('Origin',(17.9,-18.,1.99999999999999));
#1868=CARTESIAN_POINT('',(15.9,-18.,-4.1));
#1869=CARTESIAN_POINT('',(15.9,-18.,-125.908810567666));
#1870=CARTESIAN_POINT('',(17.9,-20.,-4.1));
#1871=CARTESIAN_POINT('Origin',(17.9,-18.,-4.1));
#1872=CARTESIAN_POINT('',(17.9,-20.,-125.908810567666));
#1873=CARTESIAN_POINT('Ctrl Pts',(17.9,-20.,2.));
#1874=CARTESIAN_POINT('Ctrl Pts',(17.9,-20.,6.00000000000001));
#1875=CARTESIAN_POINT('Ctrl Pts',(17.9,-16.,6.));
#1876=CARTESIAN_POINT('Ctrl Pts',(15.9,-20.,2.));
#1877=CARTESIAN_POINT('Ctrl Pts',(15.9,-20.,6.00000000000001));
#1878=CARTESIAN_POINT('Ctrl Pts',(15.9,-16.,6.));
#1879=CARTESIAN_POINT('Ctrl Pts',(15.9,-18.,2.));
#1880=CARTESIAN_POINT('Ctrl Pts',(15.9,-18.,4.));
#1881=CARTESIAN_POINT('Ctrl Pts',(15.9,-16.,4.));
#1882=CARTESIAN_POINT('',(17.9,-16.,6.));
#1883=CARTESIAN_POINT('',(15.9,-16.,4.));
#1884=CARTESIAN_POINT('Origin',(17.9,-16.,4.));
#1885=CARTESIAN_POINT('Origin',(15.9,-16.,2.));
#1886=CARTESIAN_POINT('Origin',(17.9,-16.,2.));
#1887=CARTESIAN_POINT('Origin',(17.9,-5.525,4.));
#1888=CARTESIAN_POINT('',(15.9,-5.525,4.));
#1889=CARTESIAN_POINT('',(17.9,-5.525,6.));
#1890=CARTESIAN_POINT('Ctrl Pts',(17.9,3.1,6.));
#1891=CARTESIAN_POINT('Ctrl Pts',(17.6008006996581,3.1,6.));
#1892=CARTESIAN_POINT('Ctrl Pts',(17.1539811563092,3.15178825024593,5.89642349950815));
#1893=CARTESIAN_POINT('Ctrl Pts',(16.2568879076237,3.43093304707658,5.33813390584682));
#1894=CARTESIAN_POINT('Ctrl Pts',(15.9,3.80080069965811,4.59839860068375));
#1895=CARTESIAN_POINT('Ctrl Pts',(15.9,4.09999999999999,3.99999999999999));
#1896=CARTESIAN_POINT('Ctrl Pts',(17.9,2.80080069965811,6.));
#1897=CARTESIAN_POINT('Ctrl Pts',(17.5553685561581,2.80080069965811,6.));
#1898=CARTESIAN_POINT('Ctrl Pts',(17.0486826504514,2.89003020719936,5.86267572944944));
#1899=CARTESIAN_POINT('Ctrl Pts',(16.1701057923347,3.29818039748409,5.2240794874453));
#1900=CARTESIAN_POINT('Ctrl Pts',(15.9,3.74381035673584,4.54140825776149));
#1901=CARTESIAN_POINT('Ctrl Pts',(15.9,4.09999999999999,3.99999999999999));
#1902=CARTESIAN_POINT('Ctrl Pts',(17.9,2.28273912980371,5.74892160982118));
#1903=CARTESIAN_POINT('Ctrl Pts',(17.5163365570379,2.28273912980371,5.74892160982118));
#1904=CARTESIAN_POINT('Ctrl Pts',(16.9581998056007,2.43517764821085,5.60307160249963));
#1905=CARTESIAN_POINT('Ctrl Pts',(16.1030336328597,3.06292480757635,5.00317168747064));
#1906=CARTESIAN_POINT('Ctrl Pts',(15.9,3.64407725662188,4.44167515764752));
#1907=CARTESIAN_POINT('Ctrl Pts',(15.9,4.09999999999999,3.99999999999998));
#1908=CARTESIAN_POINT('Ctrl Pts',(17.9,2.09999999999999,5.22439947525642));
#1909=CARTESIAN_POINT('Ctrl Pts',(17.5671777002923,2.09999999999999,5.22439947525642));
#1910=CARTESIAN_POINT('Ctrl Pts',(17.0755526153405,2.22896000805054,5.14446856376143));
#1911=CARTESIAN_POINT('Ctrl Pts',(16.1916504553234,2.8465374080036,4.76941655676147));
#1912=CARTESIAN_POINT('Ctrl Pts',(15.9,3.54434415650792,4.34194205753356));
#1913=CARTESIAN_POINT('Ctrl Pts',(15.9,4.09999999999999,3.99999999999998));
#1914=CARTESIAN_POINT('Ctrl Pts',(17.9,2.09999999999998,5.));
#1915=CARTESIAN_POINT('Ctrl Pts',(17.6008006996581,2.09999999999998,5.));
#1916=CARTESIAN_POINT('Ctrl Pts',(17.1539811563092,2.20357650049183,4.94821174975406));
#1917=CARTESIAN_POINT('Ctrl Pts',(16.2568879076237,2.76186609415316,4.66906695292341));
#1918=CARTESIAN_POINT('Ctrl Pts',(15.9,3.50160139931622,4.29919930034187));
#1919=CARTESIAN_POINT('Ctrl Pts',(15.9,4.09999999999999,3.99999999999998));
#1920=CARTESIAN_POINT('',(17.9,3.1,6.));
#1921=CARTESIAN_POINT('',(15.9,4.09999999999998,3.99999999999999));
#1922=CARTESIAN_POINT('Origin',(17.9,4.1,4.));
#1923=CARTESIAN_POINT('',(17.9,2.1,4.99999999999998));
#1924=CARTESIAN_POINT('Origin',(17.9,4.1,3.99999999999999));
#1925=CARTESIAN_POINT('Origin',(17.9,3.1,4.99999999999998));
#1926=CARTESIAN_POINT('Origin',(17.9,-4.1,-125.909810567666));
#1927=CARTESIAN_POINT('',(17.9,-2.1,0.));
#1928=CARTESIAN_POINT('',(17.9,-2.1,-125.909810567666));
#1929=CARTESIAN_POINT('',(15.9,-4.1,0.));
#1930=CARTESIAN_POINT('Origin',(17.9,-4.1,0.));
#1931=CARTESIAN_POINT('',(15.9,-4.1,-125.909810567666));
#1932=CARTESIAN_POINT('Origin',(17.9,4.1,-125.909810567666));
#1933=CARTESIAN_POINT('',(15.9,4.1,0.));
#1934=CARTESIAN_POINT('',(15.9,4.1,-125.909810567666));
#1935=CARTESIAN_POINT('',(17.9,2.1,0.));
#1936=CARTESIAN_POINT('Origin',(17.9,4.1,0.));
#1937=CARTESIAN_POINT('',(17.9,2.1,-125.909810567666));
#1938=CARTESIAN_POINT('Origin',(17.9,0.,-1.28587913910472E-16));
#1939=CARTESIAN_POINT('',(15.9,0.,-4.1));
#1940=CARTESIAN_POINT('Origin',(15.9,0.,-1.28587913910472E-16));
#1941=CARTESIAN_POINT('Origin',(15.9,0.,-1.28587913910472E-16));
#1942=CARTESIAN_POINT('Origin',(17.9,0.,-1.28587913910472E-16));
#1943=CARTESIAN_POINT('Origin',(17.9,-5.525,4.));
#1944=CARTESIAN_POINT('',(17.9,16.,6.));
#1945=CARTESIAN_POINT('',(17.9,-5.525,6.));
#1946=CARTESIAN_POINT('',(15.9,16.,4.));
#1947=CARTESIAN_POINT('Origin',(17.9,16.,4.));
#1948=CARTESIAN_POINT('',(15.9,-5.525,4.));
#1949=CARTESIAN_POINT('Ctrl Pts',(17.9,16.,6.));
#1950=CARTESIAN_POINT('Ctrl Pts',(17.9,20.,6.));
#1951=CARTESIAN_POINT('Ctrl Pts',(17.9,20.,2.));
#1952=CARTESIAN_POINT('Ctrl Pts',(15.9,16.,6.));
#1953=CARTESIAN_POINT('Ctrl Pts',(15.9,20.,6.));
#1954=CARTESIAN_POINT('Ctrl Pts',(15.9,20.,2.));
#1955=CARTESIAN_POINT('Ctrl Pts',(15.9,16.,4.));
#1956=CARTESIAN_POINT('Ctrl Pts',(15.9,18.,4.));
#1957=CARTESIAN_POINT('Ctrl Pts',(15.9,18.,2.));
#1958=CARTESIAN_POINT('',(17.9,20.,2.));
#1959=CARTESIAN_POINT('',(15.9,18.,2.));
#1960=CARTESIAN_POINT('Origin',(17.9,18.,2.));
#1961=CARTESIAN_POINT('Origin',(15.9,16.,2.));
#1962=CARTESIAN_POINT('Origin',(17.9,16.,2.));
#1963=CARTESIAN_POINT('Origin',(17.9,18.,-125.908810567666));
#1964=CARTESIAN_POINT('',(17.9,20.,-4.1));
#1965=CARTESIAN_POINT('',(15.9,18.,-4.1));
#1966=CARTESIAN_POINT('Origin',(17.9,18.,-4.1));
#1967=CARTESIAN_POINT('',(15.9,18.,-125.908810567666));
#1968=CARTESIAN_POINT('',(17.9,20.,-125.908810567666));
#1969=CARTESIAN_POINT('Origin',(60.,-20.,0.));
#1970=CARTESIAN_POINT('',(12.5,-20.,-4.1));
#1971=CARTESIAN_POINT('',(41.25,-20.,-4.1));
#1972=CARTESIAN_POINT('',(12.5,-20.,6.));
#1973=CARTESIAN_POINT('',(12.5,-20.,-125.908810567666));
#1974=CARTESIAN_POINT('',(3.,-20.,6.));
#1975=CARTESIAN_POINT('',(60.,-20.,6.));
#1976=CARTESIAN_POINT('',(3.,-20.,-9.6));
#1977=CARTESIAN_POINT('',(3.,-20.,-10.));
#1978=CARTESIAN_POINT('',(55.,-20.,-9.6));
#1979=CARTESIAN_POINT('',(55.,-20.,-9.6));
#1980=CARTESIAN_POINT('',(55.,-20.,-2.9));
#1981=CARTESIAN_POINT('',(55.,-20.,1.1));
#1982=CARTESIAN_POINT('',(26.9,-20.,-2.9));
#1983=CARTESIAN_POINT('',(27.9,-20.,-2.9));
#1984=CARTESIAN_POINT('',(26.9,-20.,2.));
#1985=CARTESIAN_POINT('',(26.9,-20.,0.));
#1986=CARTESIAN_POINT('',(23.9,-20.,2.));
#1987=CARTESIAN_POINT('Origin',(15.9,-11.05,-251.817621135332));
#1988=CARTESIAN_POINT('',(15.9,-15.525,-4.1));
#1989=CARTESIAN_POINT('Origin',(15.9,-11.05,-251.817621135332));
#1990=CARTESIAN_POINT('',(15.9,-15.525,-4.1));
#1991=CARTESIAN_POINT('Origin',(12.5,-18.,-125.908810567666));
#1992=CARTESIAN_POINT('',(14.5,-18.,6.));
#1993=CARTESIAN_POINT('Origin',(12.5,-18.,6.));
#1994=CARTESIAN_POINT('',(14.5,-18.,-4.1));
#1995=CARTESIAN_POINT('Origin',(12.5,-18.,-4.1));
#1996=CARTESIAN_POINT('',(14.5,-18.,-125.908810567666));
#1997=CARTESIAN_POINT('Ctrl Pts',(14.5,-18.,6.));
#1998=CARTESIAN_POINT('Ctrl Pts',(14.5,-18.,8.));
#1999=CARTESIAN_POINT('Ctrl Pts',(14.5,-16.,8.));
#2000=CARTESIAN_POINT('Ctrl Pts',(14.5,-20.,6.));
#2001=CARTESIAN_POINT('Ctrl Pts',(14.5,-20.,10.));
#2002=CARTESIAN_POINT('Ctrl Pts',(14.5,-16.,10.));
#2003=CARTESIAN_POINT('Ctrl Pts',(12.5,-20.,6.));
#2004=CARTESIAN_POINT('Ctrl Pts',(12.5,-20.,10.));
#2005=CARTESIAN_POINT('Ctrl Pts',(12.5,-16.,10.));
#2006=CARTESIAN_POINT('',(14.5,-16.,8.));
#2007=CARTESIAN_POINT('',(12.5,-16.,10.));
#2008=CARTESIAN_POINT('Origin',(12.5,-16.,8.));
#2009=CARTESIAN_POINT('Origin',(12.5,-16.,6.));
#2010=CARTESIAN_POINT('Origin',(14.5,-16.,6.));
#2011=CARTESIAN_POINT('Origin',(12.5,-3.46944695195361E-15,8.00000000000001));
#2012=CARTESIAN_POINT('',(14.5,16.,8.00000000000001));
#2013=CARTESIAN_POINT('',(12.5,16.,10.));
#2014=CARTESIAN_POINT('Origin',(12.5,16.,8.00000000000001));
#2015=CARTESIAN_POINT('',(12.5,-3.46944695195361E-15,10.));
#2016=CARTESIAN_POINT('',(14.5,-3.46944695195361E-15,8.00000000000001));
#2017=CARTESIAN_POINT('Ctrl Pts',(14.5,16.,8.));
#2018=CARTESIAN_POINT('Ctrl Pts',(14.5,18.,8.));
#2019=CARTESIAN_POINT('Ctrl Pts',(14.5,18.,6.));
#2020=CARTESIAN_POINT('Ctrl Pts',(14.5,16.,10.));
#2021=CARTESIAN_POINT('Ctrl Pts',(14.5,20.,10.));
#2022=CARTESIAN_POINT('Ctrl Pts',(14.5,20.,6.));
#2023=CARTESIAN_POINT('Ctrl Pts',(12.5,16.,10.));
#2024=CARTESIAN_POINT('Ctrl Pts',(12.5,20.,10.));
#2025=CARTESIAN_POINT('Ctrl Pts',(12.5,20.,6.));
#2026=CARTESIAN_POINT('',(14.5,18.,6.));
#2027=CARTESIAN_POINT('',(12.5,20.,6.));
#2028=CARTESIAN_POINT('Origin',(12.5,18.,6.));
#2029=CARTESIAN_POINT('Origin',(12.5,16.,6.));
#2030=CARTESIAN_POINT('Origin',(14.5,16.,6.));
#2031=CARTESIAN_POINT('Origin',(12.5,18.,-125.908810567666));
#2032=CARTESIAN_POINT('',(14.5,18.,-4.1));
#2033=CARTESIAN_POINT('',(12.5,20.,-4.1));
#2034=CARTESIAN_POINT('Origin',(12.5,18.,-4.1));
#2035=CARTESIAN_POINT('',(12.5,20.,-125.908810567666));
#2036=CARTESIAN_POINT('',(14.5,18.,-125.908810567666));
#2037=CARTESIAN_POINT('Origin',(14.5,-3.46944695195361E-15,-251.817621135332));
#2038=CARTESIAN_POINT('',(14.5,-3.46944695195361E-15,-4.1));
#2039=CARTESIAN_POINT('',(14.5,-2.57175827820944E-16,-2.1));
#2040=CARTESIAN_POINT('Origin',(14.5,0.,-1.28587913910472E-16));
#2041=CARTESIAN_POINT('Origin',(0.,-20.,-4.1));
#2042=CARTESIAN_POINT('',(60.,20.,-4.1));
#2043=CARTESIAN_POINT('Origin',(60.,-16.,6.));
#2044=CARTESIAN_POINT('',(3.,-16.,10.));
#2045=CARTESIAN_POINT('',(60.,-16.,10.));
#2046=CARTESIAN_POINT('Origin',(3.,-16.,6.));
#2047=CARTESIAN_POINT('Origin',(60.,-3.46944695195361E-15,10.));
#2048=CARTESIAN_POINT('',(3.,16.,10.));
#2049=CARTESIAN_POINT('',(-1.,16.,10.));
#2050=CARTESIAN_POINT('',(3.,-20.,10.));
#2051=CARTESIAN_POINT('Origin',(60.,16.,6.));
#2052=CARTESIAN_POINT('',(3.,20.,6.));
#2053=CARTESIAN_POINT('',(22.5,20.,6.));
#2054=CARTESIAN_POINT('Origin',(3.,16.,6.));
#2055=CARTESIAN_POINT('Origin',(60.,20.,0.));
#2056=CARTESIAN_POINT('',(26.9,20.,2.));
#2057=CARTESIAN_POINT('',(23.9,20.,2.));
#2058=CARTESIAN_POINT('',(26.9,20.,-2.9));
#2059=CARTESIAN_POINT('',(26.9,20.,-2.9));
#2060=CARTESIAN_POINT('',(55.,20.,-2.9));
#2061=CARTESIAN_POINT('',(60.,20.,-2.9));
#2062=CARTESIAN_POINT('',(55.,20.,-9.6));
#2063=CARTESIAN_POINT('',(55.,20.,0.));
#2064=CARTESIAN_POINT('',(3.,20.,-9.6));
#2065=CARTESIAN_POINT('',(60.,20.,-9.6));
#2066=CARTESIAN_POINT('',(3.,20.,0.));
#2067=CARTESIAN_POINT('Origin',(25.9,-2.1,-0.00200000000000027));
#2068=CARTESIAN_POINT('',(26.9,-2.1,5.));
#2069=CARTESIAN_POINT('',(23.9,-2.1,5.));
#2070=CARTESIAN_POINT('',(26.9,-2.1,0.155102582521397));
#2071=CARTESIAN_POINT('',(26.9,-2.1,0.155102582521397));
#2072=CARTESIAN_POINT('',(27.9,-2.1,0.155102582521397));
#2073=CARTESIAN_POINT('',(25.9,-2.1,0.155102582521397));
#2074=CARTESIAN_POINT('',(27.9,-2.1,-1.28587913910472E-16));
#2075=CARTESIAN_POINT('',(27.9,-2.1,-0.00200000000000027));
#2076=CARTESIAN_POINT('',(23.9,-2.1,0.));
#2077=CARTESIAN_POINT('Origin',(60.,0.,-1.28587913910472E-16));
#2078=CARTESIAN_POINT('',(27.9,-2.09478213596375,0.147945269769335));
#2079=CARTESIAN_POINT('Origin',(27.9,0.,-1.28587913910472E-16));
#2080=CARTESIAN_POINT('',(57.5903724891395,-2.09478213596375,0.147945269769335));
#2081=CARTESIAN_POINT('',(60.,-2.09478213596375,0.147945269769335));
#2082=CARTESIAN_POINT('',(57.5903724891395,2.09478213596375,0.147945269769335));
#2083=CARTESIAN_POINT('Ctrl Pts',(57.5903724891395,-2.09478213596376,0.147945269769329));
#2084=CARTESIAN_POINT('Ctrl Pts',(57.6583887719768,-2.0988646733519,0.0901399313261317));
#2085=CARTESIAN_POINT('Ctrl Pts',(57.7240635621777,-2.10067663214306,0.0303981075579091));
#2086=CARTESIAN_POINT('Ctrl Pts',(57.9330285584659,-2.09768283923192,-0.17260861434296));
#2087=CARTESIAN_POINT('Ctrl Pts',(58.0802245207774,-2.08010395074043,-0.339015423950778));
#2088=CARTESIAN_POINT('Ctrl Pts',(58.3375037590498,-1.99322131656493,-0.68471367436178));
#2089=CARTESIAN_POINT('Ctrl Pts',(58.4477063839488,-1.92303299127528,-0.863693328529995));
#2090=CARTESIAN_POINT('Ctrl Pts',(58.6102702941142,-1.75181840325376,-1.16997129457459));
#2091=CARTESIAN_POINT('Ctrl Pts',(58.6789125669907,-1.64201691057643,-1.32292184506257));
#2092=CARTESIAN_POINT('Ctrl Pts',(58.7846681170211,-1.37695165146772,-1.59698034874287));
#2093=CARTESIAN_POINT('Ctrl Pts',(58.8224891657683,-1.22161113959894,-1.71774038245187));
#2094=CARTESIAN_POINT('Ctrl Pts',(58.8737472538466,-0.914141322667326,-1.8986945906139));
#2095=CARTESIAN_POINT('Ctrl Pts',(58.8920325253113,-0.737554817634858,-1.97547680195282));
#2096=CARTESIAN_POINT('Ctrl Pts',(58.9145769841585,-0.368976216279119,-2.07613881048937));
#2097=CARTESIAN_POINT('Ctrl Pts',(58.9191835884531,-0.17700037040098,-2.1));
#2098=CARTESIAN_POINT('Ctrl Pts',(58.9191835884531,0.17700037040098,-2.1));
#2099=CARTESIAN_POINT('Ctrl Pts',(58.9145769841585,0.368976216279119,-2.07613881048937));
#2100=CARTESIAN_POINT('Ctrl Pts',(58.8920325253113,0.737554817634858,-1.97547680195282));
#2101=CARTESIAN_POINT('Ctrl Pts',(58.8737472538466,0.914141322667326,-1.8986945906139));
#2102=CARTESIAN_POINT('Ctrl Pts',(58.8224891657683,1.22161113959894,-1.71774038245187));
#2103=CARTESIAN_POINT('Ctrl Pts',(58.7846681170211,1.37695165146772,-1.59698034874287));
#2104=CARTESIAN_POINT('Ctrl Pts',(58.6789125669907,1.64201691057643,-1.32292184506257));
#2105=CARTESIAN_POINT('Ctrl Pts',(58.6102702941142,1.75181840325376,-1.1699712945746));
#2106=CARTESIAN_POINT('Ctrl Pts',(58.4477063839488,1.92303299127528,-0.863693328529995));
#2107=CARTESIAN_POINT('Ctrl Pts',(58.3375037590498,1.99322131656493,-0.68471367436178));
#2108=CARTESIAN_POINT('Ctrl Pts',(58.0802245207774,2.08010395074044,-0.339015423950777));
#2109=CARTESIAN_POINT('Ctrl Pts',(57.9330285584659,2.09768283923192,-0.172608614342959));
#2110=CARTESIAN_POINT('Ctrl Pts',(57.7240635621777,2.10067663214306,0.0303981075579089));
#2111=CARTESIAN_POINT('Ctrl Pts',(57.6583887719768,2.0988646733519,0.0901399313261366));
#2112=CARTESIAN_POINT('Ctrl Pts',(57.5903724891395,2.09478213596376,0.147945269769333));
#2113=CARTESIAN_POINT('',(27.9,2.09478213596375,0.147945269769335));
#2114=CARTESIAN_POINT('',(60.,2.09478213596375,0.147945269769335));
#2115=CARTESIAN_POINT('',(27.9,2.1,0.));
#2116=CARTESIAN_POINT('Origin',(27.9,0.,-1.28587913910472E-16));
#2117=CARTESIAN_POINT('',(25.9,2.1,0.));
#2118=CARTESIAN_POINT('Origin',(25.9,2.1,-0.00200000000000027));
#2119=CARTESIAN_POINT('',(27.9,2.1,0.155102582521397));
#2120=CARTESIAN_POINT('',(27.9,2.1,-0.00200000000000027));
#2121=CARTESIAN_POINT('',(26.9,2.1,0.155102582521397));
#2122=CARTESIAN_POINT('',(25.9,2.1,0.155102582521397));
#2123=CARTESIAN_POINT('',(26.9,2.1,5.));
#2124=CARTESIAN_POINT('',(26.9,2.1,6.));
#2125=CARTESIAN_POINT('',(25.9,2.1,5.));
#2126=CARTESIAN_POINT('Origin',(60.,-16.,2.));
#2127=CARTESIAN_POINT('',(26.9,-16.,6.));
#2128=CARTESIAN_POINT('Origin',(26.9,-16.,2.));
#2129=CARTESIAN_POINT('',(23.9,-16.,6.));
#2130=CARTESIAN_POINT('Origin',(30.,-3.1,5.));
#2131=CARTESIAN_POINT('',(26.9,-3.1,6.));
#2132=CARTESIAN_POINT('',(30.,-3.1,6.));
#2133=CARTESIAN_POINT('Origin',(26.9,-3.1,5.));
#2134=CARTESIAN_POINT('Origin',(30.,3.1,5.));
#2135=CARTESIAN_POINT('',(26.9,3.1,6.));
#2136=CARTESIAN_POINT('Origin',(26.9,3.1,5.));
#2137=CARTESIAN_POINT('',(30.,3.1,6.));
#2138=CARTESIAN_POINT('Origin',(30.,16.,2.));
#2139=CARTESIAN_POINT('',(26.9,16.,6.));
#2140=CARTESIAN_POINT('',(30.,16.,6.));
#2141=CARTESIAN_POINT('Origin',(26.9,16.,2.));
#2142=CARTESIAN_POINT('Origin',(60.,0.,-10.));
#2143=CARTESIAN_POINT('',(58.6,-16.,-10.));
#2144=CARTESIAN_POINT('',(55.,-19.6,-10.));
#2145=CARTESIAN_POINT('Origin',(55.,-16.,-10.));
#2146=CARTESIAN_POINT('',(3.,-19.6,-10.));
#2147=CARTESIAN_POINT('',(3.,-19.6,-10.));
#2148=CARTESIAN_POINT('',(-0.6,-16.,-10.));
#2149=CARTESIAN_POINT('Origin',(3.,-16.,-10.));
#2150=CARTESIAN_POINT('',(-0.6,16.,-10.));
#2151=CARTESIAN_POINT('',(-0.6,0.,-10.));
#2152=CARTESIAN_POINT('',(3.,19.6,-10.));
#2153=CARTESIAN_POINT('Origin',(3.,16.,-10.));
#2154=CARTESIAN_POINT('',(55.,19.6,-10.));
#2155=CARTESIAN_POINT('',(60.,19.6,-10.));
#2156=CARTESIAN_POINT('',(58.6,16.,-10.));
#2157=CARTESIAN_POINT('Origin',(55.,16.,-10.));
#2158=CARTESIAN_POINT('',(58.6,0.,-10.));
#2159=CARTESIAN_POINT('Origin',(27.9,11.05,1.1));
#2160=CARTESIAN_POINT('',(27.9,16.,5.));
#2161=CARTESIAN_POINT('',(27.9,3.1,5.));
#2162=CARTESIAN_POINT('',(27.9,2.1,5.));
#2163=CARTESIAN_POINT('',(27.9,3.1,1.1));
#2164=CARTESIAN_POINT('',(27.9,3.1,0.155102582521397));
#2165=CARTESIAN_POINT('',(27.9,16.,1.1));
#2166=CARTESIAN_POINT('',(27.9,11.05,1.1));
#2167=CARTESIAN_POINT('',(27.9,19.,-0.254248688935407));
#2168=CARTESIAN_POINT('Origin',(27.9,16.,-2.9));
#2169=CARTESIAN_POINT('',(27.9,19.,2.));
#2170=CARTESIAN_POINT('',(27.9,19.,2.));
#2171=CARTESIAN_POINT('Origin',(27.9,16.,2.));
#2172=CARTESIAN_POINT('Origin',(60.,0.,-1.28587913910472E-16));
#2173=CARTESIAN_POINT('',(0.,-2.57175827820944E-16,-2.1));
#2174=CARTESIAN_POINT('',(60.,-2.57175827820944E-16,-2.1));
#2175=CARTESIAN_POINT('',(0.,-1.36014705087354,-1.6));
#2176=CARTESIAN_POINT('Origin',(0.,0.,-1.28587913910472E-16));
#2177=CARTESIAN_POINT('',(-1.,-1.36014705087354,-1.6));
#2178=CARTESIAN_POINT('',(-1.,-1.36014705087354,-1.6));
#2179=CARTESIAN_POINT('',(-1.,1.36014705087354,-1.6));
#2180=CARTESIAN_POINT('Origin',(-1.,0.,-1.28587913910472E-16));
#2181=CARTESIAN_POINT('',(0.,1.36014705087354,-1.6));
#2182=CARTESIAN_POINT('',(-1.,1.36014705087354,-1.6));
#2183=CARTESIAN_POINT('Origin',(0.,0.,-1.28587913910472E-16));
#2184=CARTESIAN_POINT('Origin',(30.,-3.46944695195361E-15,1.1));
#2185=CARTESIAN_POINT('',(27.8503622490394,2.78885438199983,1.1));
#2186=CARTESIAN_POINT('',(55.,2.78885438199983,1.1));
#2187=CARTESIAN_POINT('',(30.,2.78885438199983,1.1));
#2188=CARTESIAN_POINT('',(55.,16.,1.1));
#2189=CARTESIAN_POINT('',(55.,-3.46944695195361E-15,1.1));
#2190=CARTESIAN_POINT('',(30.,16.,1.1));
#2191=CARTESIAN_POINT('Origin',(26.9,3.1,1.1));
#2192=CARTESIAN_POINT('Origin',(27.9,11.05,1.1));
#2193=CARTESIAN_POINT('',(27.9,-3.1,1.1));
#2194=CARTESIAN_POINT('',(27.9,-16.,1.1));
#2195=CARTESIAN_POINT('',(27.9,11.05,1.1));
#2196=CARTESIAN_POINT('',(27.9,-3.1,5.));
#2197=CARTESIAN_POINT('',(27.9,-3.1,6.));
#2198=CARTESIAN_POINT('',(27.9,-16.,5.));
#2199=CARTESIAN_POINT('',(27.9,-16.,5.));
#2200=CARTESIAN_POINT('',(27.9,-19.,2.));
#2201=CARTESIAN_POINT('Origin',(27.9,-16.,2.));
#2202=CARTESIAN_POINT('',(27.9,-19.,-0.254248688935407));
#2203=CARTESIAN_POINT('',(27.9,-19.,1.1));
#2204=CARTESIAN_POINT('Origin',(27.9,-16.,-2.9));
#2205=CARTESIAN_POINT('Origin',(30.,-3.46944695195361E-15,1.1));
#2206=CARTESIAN_POINT('',(55.,-16.,1.1));
#2207=CARTESIAN_POINT('',(59.,-16.,1.1));
#2208=CARTESIAN_POINT('',(55.,-2.78885438199983,1.1));
#2209=CARTESIAN_POINT('',(55.,-3.46944695195361E-15,1.1));
#2210=CARTESIAN_POINT('',(27.8503622490394,-2.78885438199983,1.1));
#2211=CARTESIAN_POINT('',(30.,-2.78885438199983,1.1));
#2212=CARTESIAN_POINT('Origin',(26.9,-3.1,1.1));
#2213=CARTESIAN_POINT('Origin',(30.,-3.46944695195361E-15,6.));
#2214=CARTESIAN_POINT('',(26.9,-2.1,6.));
#2215=CARTESIAN_POINT('Origin',(30.,-3.46944695195361E-15,6.));
#2216=CARTESIAN_POINT('',(26.9,16.,6.));
#2217=CARTESIAN_POINT('Origin',(27.9,0.,-0.00200000000000027));
#2218=CARTESIAN_POINT('',(27.9,-1.29643901325165,-0.947137195587854));
#2219=CARTESIAN_POINT('Origin',(27.9,0.,-0.00200000000000027));
#2220=CARTESIAN_POINT('',(27.9,1.29643901325165,-0.947137195587854));
#2221=CARTESIAN_POINT('Origin',(0.,0.,0.));
#2222=CARTESIAN_POINT('',(0.,0.,-1.6));
#2223=CARTESIAN_POINT('Origin',(-1.,0.,-1.6));
#2224=CARTESIAN_POINT('',(-1.,0.,-1.6));
#2225=CARTESIAN_POINT('Origin',(-1.,0.,0.));
#2226=CARTESIAN_POINT('',(-1.,16.,6.));
#2227=CARTESIAN_POINT('',(-1.,16.,-9.6));
#2228=CARTESIAN_POINT('',(-1.,16.,2.77555756156289E-15));
#2229=CARTESIAN_POINT('',(-1.,-16.,-9.6));
#2230=CARTESIAN_POINT('',(-1.,0.,-9.6));
#2231=CARTESIAN_POINT('',(-1.,-16.,6.));
#2232=CARTESIAN_POINT('',(-1.,-16.,10.));
#2233=CARTESIAN_POINT('',(-1.,20.,6.));
#2234=CARTESIAN_POINT('Origin',(59.,0.,0.));
#2235=CARTESIAN_POINT('',(59.,-16.,-2.9));
#2236=CARTESIAN_POINT('',(59.,-16.,-9.6));
#2237=CARTESIAN_POINT('',(59.,-16.,-10.));
#2238=CARTESIAN_POINT('',(59.,16.,-9.6));
#2239=CARTESIAN_POINT('',(59.,0.,-9.6));
#2240=CARTESIAN_POINT('',(59.,16.,-2.9));
#2241=CARTESIAN_POINT('',(59.,16.,2.77555756156289E-15));
#2242=CARTESIAN_POINT('',(59.,0.,-2.9));
#2243=CARTESIAN_POINT('Origin',(60.,-2.09478213596375,0.147945269769335));
#2244=CARTESIAN_POINT('Origin',(55.,0.12724791337099,-2.9));
#2245=CARTESIAN_POINT('Origin',(26.9,-3.1,1.52679657499547));
#2246=CARTESIAN_POINT('Origin',(60.,2.09478213596375,0.147945269769335));
#2247=CARTESIAN_POINT('Origin',(55.,-0.12724791337099,-2.9));
#2248=CARTESIAN_POINT('Origin',(26.9,3.1,1.52679657499547));
#2249=CARTESIAN_POINT('Origin',(30.,16.,-2.9));
#2250=CARTESIAN_POINT('Origin',(55.,16.,-2.9));
#2251=CARTESIAN_POINT('Ctrl Pts',(27.9,19.,-0.254248688935407));
#2252=CARTESIAN_POINT('Ctrl Pts',(27.9,19.3299221865456,-0.628345285050685));
#2253=CARTESIAN_POINT('Ctrl Pts',(27.7504178108824,19.5850080162044,-1.06025260406411));
#2254=CARTESIAN_POINT('Ctrl Pts',(27.3649371837726,19.9215912166411,-1.97370908071036));
#2255=CARTESIAN_POINT('Ctrl Pts',(27.1230681117507,20.,-2.45386377649864));
#2256=CARTESIAN_POINT('Ctrl Pts',(26.9,20.,-2.9));
#2257=CARTESIAN_POINT('Origin',(55.,16.,-6.93889390390723E-16));
#2258=CARTESIAN_POINT('Origin',(55.,16.,-9.6));
#2259=CARTESIAN_POINT('Origin',(55.,16.,-2.9));
#2260=CARTESIAN_POINT('Origin',(55.,16.,-2.9));
#2261=CARTESIAN_POINT('Origin',(55.,16.,-2.9));
#2262=CARTESIAN_POINT('Origin',(55.,-16.,-2.77555756156289E-15));
#2263=CARTESIAN_POINT('Origin',(55.,-16.,-9.6));
#2264=CARTESIAN_POINT('Origin',(55.,-16.,-2.9));
#2265=CARTESIAN_POINT('Origin',(60.,-16.,-2.9));
#2266=CARTESIAN_POINT('Ctrl Pts',(27.9,-19.,-0.254248688935405));
#2267=CARTESIAN_POINT('Ctrl Pts',(27.9,-19.2900005865046,-0.583078445487117));
#2268=CARTESIAN_POINT('Ctrl Pts',(27.7612737070968,-19.5529398552763,-1.01716163925004));
#2269=CARTESIAN_POINT('Ctrl Pts',(27.4198219820663,-19.8943915803068,-1.85965029256428));
#2270=CARTESIAN_POINT('Ctrl Pts',(27.1381969313436,-20.,-2.42360613731286));
#2271=CARTESIAN_POINT('Ctrl Pts',(26.9,-20.,-2.9));
#2272=CARTESIAN_POINT('Origin',(55.,-16.,-2.9));
#2273=CARTESIAN_POINT('Origin',(55.,0.,-2.9));
#2274=CARTESIAN_POINT('Origin',(55.,-16.,-2.9));
#2275=CARTESIAN_POINT('Origin',(55.,-16.,-2.9));
#2276=CARTESIAN_POINT('Origin',(3.,-16.,6.93889390390723E-16));
#2277=CARTESIAN_POINT('Origin',(3.,-16.,-9.6));
#2278=CARTESIAN_POINT('Origin',(3.,-16.,6.));
#2279=CARTESIAN_POINT('Origin',(3.,-16.,6.));
#2280=CARTESIAN_POINT('Origin',(3.,-16.,6.));
#2281=CARTESIAN_POINT('Origin',(3.,-3.46944695195361E-15,6.));
#2282=CARTESIAN_POINT('Origin',(3.,16.,6.));
#2283=CARTESIAN_POINT('Origin',(3.,16.,6.));
#2284=CARTESIAN_POINT('Origin',(3.,16.,6.));
#2285=CARTESIAN_POINT('Origin',(3.,16.,2.77555756156289E-15));
#2286=CARTESIAN_POINT('Origin',(3.,16.,-9.6));
#2287=CARTESIAN_POINT('Origin',(26.9,19.,1.1));
#2288=CARTESIAN_POINT('Origin',(26.9,19.,2.));
#2289=CARTESIAN_POINT('Origin',(26.9,16.,2.));
#2290=CARTESIAN_POINT('Origin',(26.9,16.,5.));
#2291=CARTESIAN_POINT('Origin',(26.9,11.05,5.));
#2292=CARTESIAN_POINT('Origin',(26.9,3.1,5.));
#2293=CARTESIAN_POINT('Origin',(26.9,3.1,-0.00200000000000027));
#2294=CARTESIAN_POINT('Origin',(26.9,3.1,5.));
#2295=CARTESIAN_POINT('Origin',(26.9,3.1,5.));
#2296=CARTESIAN_POINT('Origin',(26.9,-19.,1.73472347597681E-16));
#2297=CARTESIAN_POINT('Origin',(26.9,-19.,2.));
#2298=CARTESIAN_POINT('Origin',(26.9,-16.,2.));
#2299=CARTESIAN_POINT('Origin',(26.9,-16.,5.));
#2300=CARTESIAN_POINT('Origin',(26.9,11.05,5.));
#2301=CARTESIAN_POINT('Origin',(26.9,-3.1,5.));
#2302=CARTESIAN_POINT('Origin',(26.9,-3.1,5.));
#2303=CARTESIAN_POINT('Origin',(26.9,-3.1,5.));
#2304=CARTESIAN_POINT('Origin',(26.9,-3.1,1.1));
#2305=CARTESIAN_POINT('Origin',(60.,20.,-9.6));
#2306=CARTESIAN_POINT('',(3.,20.,-9.6));
#2307=CARTESIAN_POINT('',(55.,19.6,-10.));
#2308=CARTESIAN_POINT('Origin',(55.,16.,-10.));
#2309=CARTESIAN_POINT('',(58.6,16.,-10.));
#2310=CARTESIAN_POINT('Origin',(3.,16.,-10.));
#2311=CARTESIAN_POINT('',(-1.,16.,-9.6));
#2312=CARTESIAN_POINT('Origin',(58.6,0.,-10.));
#2313=CARTESIAN_POINT('',(58.6,-16.,-10.));
#2314=CARTESIAN_POINT('Origin',(-1.,0.,-9.6));
#2315=CARTESIAN_POINT('',(-1.,-16.,-9.6));
#2316=CARTESIAN_POINT('Origin',(55.,-16.,-10.));
#2317=CARTESIAN_POINT('',(55.,-19.6,-10.));
#2318=CARTESIAN_POINT('Origin',(3.,-16.,-10.));
#2319=CARTESIAN_POINT('',(3.,-20.,-9.6));
#2320=CARTESIAN_POINT('Origin',(60.,-19.6,-10.));
#2321=UNCERTAINTY_MEASURE_WITH_UNIT(LENGTH_MEASURE(0.01),#2325,
'DISTANCE_ACCURACY_VALUE',
'Maximum model space distance between geometric entities at asserted c
onnectivities');
#2322=UNCERTAINTY_MEASURE_WITH_UNIT(LENGTH_MEASURE(0.01),#2325,
'DISTANCE_ACCURACY_VALUE',
'Maximum model space distance between geometric entities at asserted c
onnectivities');
#2323=(
GEOMETRIC_REPRESENTATION_CONTEXT(3)
GLOBAL_UNCERTAINTY_ASSIGNED_CONTEXT((#2321))
GLOBAL_UNIT_ASSIGNED_CONTEXT((#2325,#2327,#2328))
REPRESENTATION_CONTEXT('','3D')
);
#2324=(
GEOMETRIC_REPRESENTATION_CONTEXT(3)
GLOBAL_UNCERTAINTY_ASSIGNED_CONTEXT((#2322))
GLOBAL_UNIT_ASSIGNED_CONTEXT((#2325,#2327,#2328))
REPRESENTATION_CONTEXT('','3D')
);
#2325=(
LENGTH_UNIT()
NAMED_UNIT(*)
SI_UNIT(.MILLI.,.METRE.)
);
#2326=(
LENGTH_UNIT()
NAMED_UNIT(*)
SI_UNIT($,.METRE.)
);
#2327=(
NAMED_UNIT(*)
PLANE_ANGLE_UNIT()
SI_UNIT($,.RADIAN.)
);
#2328=(
NAMED_UNIT(*)
SI_UNIT($,.STERADIAN.)
SOLID_ANGLE_UNIT()
);
#2329=SHAPE_DEFINITION_REPRESENTATION(#2330,#2331);
#2330=PRODUCT_DEFINITION_SHAPE('',$,#2333);
#2331=SHAPE_REPRESENTATION('',(#1272),#2323);
#2332=PRODUCT_DEFINITION_CONTEXT('part definition',#2337,'design');
#2333=PRODUCT_DEFINITION('2026-02-02-15-42-05-781','xol-tube-jig',#2334,
#2332);
#2334=PRODUCT_DEFINITION_FORMATION('',$,#2339);
#2335=PRODUCT_RELATED_PRODUCT_CATEGORY('xol-tube-jig','xol-tube-jig',(#2339));
#2336=APPLICATION_PROTOCOL_DEFINITION('international standard',
'automotive_design',2009,#2337);
#2337=APPLICATION_CONTEXT(
'Core Data for Automotive Mechanical Design Process');
#2338=PRODUCT_CONTEXT('part definition',#2337,'mechanical');
#2339=PRODUCT('2026-02-02-15-42-05-781','xol-tube-jig','STEP AP242',(#2338));
#2340=PRESENTATION_STYLE_ASSIGNMENT((#2342));
#2341=PRESENTATION_STYLE_ASSIGNMENT((#2343));
#2342=SURFACE_STYLE_USAGE(.BOTH.,#2344);
#2343=SURFACE_STYLE_USAGE(.BOTH.,#2345);
#2344=SURFACE_SIDE_STYLE('',(#2346));
#2345=SURFACE_SIDE_STYLE('',(#2347));
#2346=SURFACE_STYLE_FILL_AREA(#2348);
#2347=SURFACE_STYLE_FILL_AREA(#2349);
#2348=FILL_AREA_STYLE('Stahl - satiniert',(#2350));
#2349=FILL_AREA_STYLE('Opaque(157,207,237)',(#2351));
#2350=FILL_AREA_STYLE_COLOUR('Stahl - satiniert',#2352);
#2351=FILL_AREA_STYLE_COLOUR('Opaque(157,207,237)',#2353);
#2352=COLOUR_RGB('Stahl - satiniert',0.627450980392157,0.627450980392157,
0.627450980392157);
#2353=COLOUR_RGB('Opaque(157,207,237)',0.615686274509804,0.811764705882353,
0.929411764705882);
ENDSEC;
END-ISO-10303-21;
